id,terrestrial_date,sol,ls,month,min_temp,pressure,Count
2,2012-08-16,10,155,6,-75.0,739.0,598
13,2012-08-17,11,156,6,-76.0,740.0,598
24,2012-08-18,12,156,6,-76.0,741.0,598
35,2012-08-19,13,157,6,-74.0,732.0,598
46,2012-08-20,14,157,6,-74.0,740.0,598
57,2012-08-21,15,158,6,-78.0,740.0,598
68,2012-08-22,16,158,6,-77.0,740.0,598
79,2012-08-23,17,159,6,-76.0,742.0,598
112,2012-08-27,21,161,6,-74.0,741.0,598
114,2012-08-28,22,162,6,-74.0,742.0,598
123,2012-08-29,23,162,6,-75.0,741.0,598
134,2012-08-30,24,163,6,-75.0,742.0,598
145,2012-08-31,25,163,6,-75.0,743.0,598
156,2012-09-01,26,164,6,-76.0,745.0,598
163,2012-09-02,27,164,6,-75.0,743.0,598
170,2012-09-03,28,165,6,-75.0,745.0,598
171,2012-09-04,29,166,6,-75.0,747.0,598
172,2012-09-05,30,166,6,-74.0,747.0,598
173,2012-09-06,31,167,6,-74.0,745.0,598
175,2012-09-08,33,168,6,-73.0,748.0,598
176,2012-09-10,34,168,6,-73.0,748.0,598
177,2012-09-11,35,169,6,-73.0,749.0,598
178,2012-09-12,36,169,6,-73.0,750.0,598
179,2012-09-13,37,170,6,-73.0,750.0,598
180,2012-09-14,38,171,6,-73.0,750.0,598
181,2012-09-15,39,171,6,-75.0,751.0,598
182,2012-09-16,40,172,6,-75.0,753.0,598
183,2012-09-17,41,172,6,-75.0,753.0,598
184,2012-09-18,42,173,6,-75.0,754.0,598
185,2012-09-19,43,173,6,-74.0,756.0,598
186,2012-09-20,44,174,6,-75.0,757.0,598
187,2012-09-21,45,175,6,-74.0,758.0,598
188,2012-09-22,46,175,6,-74.0,758.0,598
189,2012-09-23,47,176,6,-75.0,758.0,598
190,2012-09-24,48,176,6,-75.0,759.0,598
191,2012-09-25,49,177,6,-74.0,761.0,598
192,2012-09-26,50,177,6,-72.0,761.0,598
193,2012-09-27,51,178,6,-76.0,762.0,598
194,2012-09-28,52,179,6,-74.0,762.0,598
195,2012-09-29,53,179,6,-71.0,764.0,598
196,2012-09-30,54,180,7,-72.0,766.0,598
197,2012-10-01,55,180,7,-74.0,766.0,598
198,2012-10-02,56,181,7,-73.0,768.0,598
199,2012-10-03,57,181,7,-73.0,769.0,598
200,2012-10-04,58,182,7,-74.0,769.0,598
201,2012-10-05,59,183,7,-76.0,771.0,598
202,2012-10-06,60,183,7,-75.0,772.0,598
203,2012-10-07,61,184,7,-72.0,772.0,598
204,2012-10-08,62,184,7,-72.0,774.0,598
205,2012-10-09,63,185,7,-73.0,775.0,598
206,2012-10-10,64,186,7,-74.0,776.0,598
207,2012-10-11,65,186,7,-72.0,777.0,598
208,2012-10-12,66,187,7,-73.0,778.0,598
209,2012-10-13,67,187,7,-73.0,780.0,598
210,2012-10-14,68,188,7,-71.0,781.0,598
211,2012-10-15,69,189,7,-73.0,778.0,598
212,2012-10-17,70,189,7,-72.0,783.0,598
213,2012-10-18,71,190,7,-71.0,784.0,598
214,2012-10-19,72,190,7,-73.0,785.0,598
215,2012-10-20,73,191,7,-70.0,788.0,598
216,2012-10-21,74,192,7,-72.0,790.0,598
217,2012-10-22,75,192,7,-73.0,791.0,598
218,2012-10-23,76,193,7,-73.0,792.0,598
219,2012-10-24,77,193,7,-71.0,792.0,598
220,2012-10-25,78,194,7,-71.0,793.0,598
221,2012-10-26,79,195,7,-73.0,795.0,598
222,2012-10-27,80,195,7,-70.0,796.0,598
223,2012-10-28,81,196,7,-72.0,798.0,598
224,2012-10-29,82,196,7,-72.0,799.0,598
225,2012-10-30,83,197,7,-72.0,801.0,598
226,2012-10-31,84,198,7,-70.0,801.0,598
227,2012-11-01,85,198,7,-71.0,805.0,598
228,2012-11-02,86,199,7,-71.0,808.0,598
229,2012-11-03,87,199,7,-70.0,808.0,598
230,2012-11-04,88,200,7,-70.0,811.0,598
231,2012-11-05,89,201,7,-73.0,813.0,598
233,2012-11-06,90,201,7,-71.0,813.0,598
234,2012-11-07,91,202,7,-74.0,817.0,598
235,2012-11-08,92,202,7,-74.0,820.0,598
236,2012-11-09,93,203,7,-72.0,819.0,598
237,2012-11-10,94,204,7,-70.0,822.0,598
238,2012-11-11,95,204,7,-68.0,822.0,598
239,2012-11-12,96,205,7,-71.0,826.0,598
240,2012-11-13,97,206,7,-68.0,828.0,598
241,2012-11-14,98,206,7,-68.0,828.0,598
242,2012-11-15,99,207,7,-68.0,829.0,598
3,2012-11-16,100,207,7,-66.0,829.0,598
4,2012-11-17,101,208,7,-65.0,830.0,598
5,2012-11-18,102,209,7,-67.0,833.0,598
6,2012-11-19,103,209,7,-66.0,836.0,598
7,2012-11-20,104,210,8,-67.0,838.0,598
8,2012-11-21,105,211,8,-66.0,839.0,598
9,2012-11-23,106,211,8,-66.0,841.0,598
10,2012-11-24,107,212,8,-66.0,844.0,598
11,2012-11-25,108,212,8,-65.0,845.0,598
12,2012-11-26,109,213,8,-64.0,844.0,598
14,2012-11-27,110,214,8,-65.0,848.0,598
15,2012-11-28,111,214,8,-66.0,849.0,598
16,2012-11-29,112,215,8,-65.0,852.0,598
17,2012-11-30,113,216,8,-66.0,857.0,598
18,2012-12-01,114,216,8,-69.0,857.0,598
19,2012-12-02,115,217,8,-66.0,857.0,598
20,2012-12-03,116,217,8,-67.0,859.0,598
21,2012-12-04,117,218,8,-66.0,861.0,598
22,2012-12-05,118,219,8,-65.0,864.0,598
23,2012-12-06,119,219,8,-66.0,866.0,598
25,2012-12-07,120,220,8,-67.0,867.0,598
26,2012-12-08,121,221,8,-66.0,869.0,598
27,2012-12-09,122,221,8,-65.0,869.0,598
28,2012-12-10,123,222,8,-66.0,875.0,598
29,2012-12-11,124,223,8,-66.0,876.0,598
30,2012-12-12,125,223,8,-68.0,880.0,598
31,2012-12-13,126,224,8,-66.0,880.0,598
32,2012-12-14,127,224,8,-67.0,884.0,598
33,2012-12-15,128,225,8,-67.0,883.0,598
34,2012-12-16,129,226,8,-65.0,886.0,598
36,2012-12-17,130,226,8,-65.0,888.0,598
37,2012-12-18,131,227,8,-65.0,889.0,598
38,2012-12-19,132,228,8,-65.0,890.0,598
39,2012-12-20,133,228,8,-65.0,891.0,598
40,2012-12-21,134,229,8,-67.0,893.0,598
41,2012-12-22,135,230,8,-65.0,894.0,598
42,2012-12-23,136,230,8,-65.0,897.0,598
43,2012-12-24,137,231,8,-64.0,896.0,598
44,2012-12-25,138,232,8,-65.0,899.0,598
45,2012-12-26,139,232,8,-66.0,899.0,598
47,2012-12-27,140,233,8,-66.0,903.0,598
48,2012-12-28,141,233,8,-64.0,904.0,598
49,2012-12-29,142,234,8,-65.0,906.0,598
50,2012-12-31,143,235,8,-63.0,908.0,598
51,2013-01-01,144,235,8,-64.0,907.0,598
52,2013-01-02,145,236,8,-64.0,909.0,598
53,2013-01-03,146,237,8,-65.0,908.0,598
54,2013-01-04,147,237,8,-65.0,914.0,598
55,2013-01-05,148,238,8,-65.0,912.0,598
56,2013-01-06,149,239,8,-65.0,914.0,598
58,2013-01-07,150,239,8,-64.0,913.0,598
59,2013-01-08,151,240,9,-65.0,915.0,598
60,2013-01-09,152,241,9,-63.0,914.0,598
61,2013-01-10,153,241,9,-65.0,915.0,598
62,2013-01-11,154,242,9,-65.0,917.0,598
63,2013-01-12,155,243,9,-64.0,917.0,598
64,2013-01-13,156,243,9,-65.0,922.0,598
65,2013-01-14,157,244,9,-64.0,920.0,598
66,2013-01-15,158,245,9,-66.0,922.0,598
67,2013-01-16,159,245,9,-65.0,918.0,598
69,2013-01-17,160,246,9,-67.0,919.0,598
70,2013-01-18,161,246,9,-65.0,919.0,598
71,2013-01-19,162,247,9,-65.0,919.0,598
72,2013-01-20,163,248,9,-65.0,919.0,598
73,2013-01-21,164,248,9,-64.0,919.0,598
74,2013-01-22,165,249,9,-65.0,922.0,598
75,2013-01-23,166,250,9,-65.0,922.0,598
76,2013-01-24,167,250,9,-65.0,920.0,598
77,2013-01-25,168,251,9,-66.0,923.0,598
78,2013-01-26,169,252,9,-66.0,922.0,598
80,2013-01-27,170,252,9,-66.0,925.0,598
81,2013-01-28,171,253,9,-67.0,925.0,598
82,2013-01-29,172,254,9,-67.0,923.0,598
83,2013-01-30,173,254,9,-67.0,920.0,598
84,2013-01-31,174,255,9,-67.0,921.0,598
85,2013-02-01,175,256,9,-68.0,921.0,598
86,2013-02-02,176,256,9,-67.0,920.0,598
87,2013-02-03,177,257,9,-66.0,921.0,598
88,2013-02-04,178,258,9,-66.0,920.0,598
89,2013-02-06,179,258,9,-66.0,920.0,598
91,2013-02-07,180,259,9,-67.0,919.0,598
92,2013-02-08,181,260,9,-67.0,918.0,598
93,2013-02-09,182,260,9,-67.0,921.0,598
94,2013-02-10,183,261,9,-67.0,921.0,598
95,2013-02-11,184,261,9,-67.0,923.0,598
96,2013-02-12,185,262,9,-67.0,923.0,598
97,2013-02-13,186,263,9,-66.0,922.0,598
98,2013-02-14,187,263,9,-67.0,921.0,598
99,2013-02-15,188,264,9,-68.0,920.0,598
100,2013-02-16,189,265,9,-68.0,920.0,598
102,2013-02-17,190,265,9,-66.0,917.0,598
103,2013-02-18,191,266,9,-67.0,921.0,598
106,2013-02-23,196,269,9,-66.0,916.0,598
107,2013-02-24,197,270,10,-68.0,915.0,598
108,2013-02-25,198,271,10,-67.0,914.0,598
109,2013-02-26,199,271,10,-66.0,917.0,598
116,2013-03-23,223,287,10,-71.0,895.0,598
117,2013-03-24,224,287,10,-69.0,894.0,598
118,2013-03-25,225,288,10,-71.0,894.0,598
119,2013-03-26,226,288,10,-70.0,894.0,598
120,2013-03-27,227,289,10,-70.0,892.0,598
121,2013-03-28,228,290,10,-71.0,894.0,598
122,2013-03-29,229,290,10,-69.0,894.0,598
124,2013-03-30,230,291,10,-69.0,888.0,598
125,2013-03-31,231,292,10,-71.0,890.0,598
126,2013-04-01,232,292,10,-69.0,888.0,598
127,2013-04-02,233,293,10,-69.0,889.0,598
128,2013-04-03,234,293,10,-69.0,890.0,598
129,2013-04-04,235,294,10,-70.0,886.0,598
130,2013-04-05,236,295,10,-72.0,886.0,598
131,2013-04-06,237,295,10,-71.0,883.0,598
132,2013-04-07,238,296,10,-70.0,885.0,598
133,2013-04-08,239,297,10,-73.0,885.0,598
135,2013-04-09,240,297,10,-70.0,884.0,598
136,2013-04-10,241,298,10,-72.0,884.0,598
137,2013-04-11,242,298,10,-70.0,881.0,598
138,2013-04-12,243,299,10,-71.0,884.0,598
139,2013-04-13,244,300,11,-69.0,878.0,598
140,2013-04-14,245,300,11,-70.0,879.0,598
141,2013-04-15,246,301,11,-73.0,878.0,598
142,2013-04-16,247,301,11,-71.0,873.0,598
143,2013-04-17,248,302,11,-70.0,877.0,598
144,2013-04-18,249,303,11,-69.0,873.0,598
146,2013-04-19,250,303,11,-70.0,877.0,598
147,2013-04-20,251,304,11,-71.0,876.0,598
148,2013-04-22,252,304,11,-71.0,874.0,598
149,2013-04-23,253,305,11,-71.0,877.0,598
150,2013-04-24,254,306,11,-70.0,871.0,598
151,2013-04-25,255,306,11,-69.0,877.0,598
152,2013-04-26,256,307,11,-70.0,871.0,598
153,2013-04-27,257,308,11,-70.0,871.0,598
154,2013-04-28,258,308,11,-71.0,869.0,598
155,2013-04-29,259,309,11,-72.0,871.0,598
157,2013-04-30,260,309,11,-70.0,875.0,598
158,2013-05-01,261,310,11,-70.0,868.0,598
161,2013-05-08,268,314,11,-70.0,864.0,598
162,2013-05-09,269,315,11,-72.0,866.0,598
164,2013-05-10,270,315,11,-67.0,863.0,598
165,2013-05-11,271,316,11,-69.0,864.0,598
166,2013-05-12,272,316,11,-71.0,864.0,598
167,2013-05-13,273,317,11,-70.0,861.0,598
168,2013-05-14,274,318,11,-70.0,861.0,598
169,2013-05-15,275,318,11,-67.0,860.0,598
244,2013-05-16,276,319,11,-69.0,858.0,598
245,2013-05-17,277,319,11,-69.0,857.0,598
246,2013-05-18,278,320,11,-67.0,855.0,598
247,2013-05-19,279,321,11,-68.0,856.0,598
248,2013-05-20,280,321,11,-69.0,856.0,598
249,2013-05-21,281,322,11,-68.0,855.0,598
250,2013-05-22,282,322,11,-72.0,856.0,598
251,2013-05-23,283,323,11,-68.0,854.0,598
252,2013-05-24,284,323,11,-71.0,854.0,598
253,2013-05-25,285,324,11,-70.0,852.0,598
254,2013-05-26,286,325,11,-71.0,854.0,598
255,2013-05-27,287,325,11,-72.0,856.0,598
256,2013-05-29,288,326,11,-69.0,854.0,598
257,2013-05-30,289,326,11,-71.0,854.0,598
258,2013-05-31,290,327,11,-71.0,853.0,598
259,2013-06-01,291,327,11,-70.0,853.0,598
260,2013-06-02,292,328,11,-71.0,853.0,598
261,2013-06-03,293,329,11,-72.0,850.0,598
262,2013-06-04,294,329,11,-72.0,852.0,598
263,2013-06-05,295,330,12,-71.0,853.0,598
264,2013-06-06,296,330,12,-71.0,850.0,598
265,2013-06-07,297,331,12,-72.0,849.0,598
266,2013-06-08,298,331,12,-72.0,850.0,598
267,2013-06-09,299,332,12,-71.0,849.0,598
286,2013-06-10,300,333,12,-72.0,852.0,598
276,2013-06-11,301,333,12,-73.0,852.0,598
287,2013-06-12,302,334,12,-71.0,850.0,598
283,2013-06-13,303,334,12,-71.0,849.0,598
281,2013-06-14,304,335,12,-70.0,848.0,598
275,2013-06-15,305,335,12,-71.0,847.0,598
280,2013-06-16,306,336,12,-71.0,848.0,598
279,2013-06-17,307,336,12,-72.0,851.0,598
282,2013-06-18,308,337,12,-73.0,850.0,598
284,2013-06-19,309,338,12,-72.0,848.0,598
278,2013-06-20,310,338,12,-71.0,849.0,598
277,2013-06-21,311,339,12,-74.0,846.0,598
285,2013-06-22,312,339,12,-71.0,845.0,598
274,2013-06-23,313,340,12,-77.0,849.0,598
272,2013-06-24,314,340,12,-73.0,848.0,598
273,2013-06-25,315,341,12,-74.0,850.0,598
288,2013-06-26,316,341,12,-74.0,851.0,598
268,2013-06-27,317,342,12,-72.0,849.0,598
270,2013-06-28,318,342,12,-74.0,849.0,598
271,2013-06-29,319,343,12,-73.0,847.0,598
269,2013-06-30,320,344,12,-74.0,846.0,598
289,2013-07-01,321,344,12,-75.0,847.0,598
291,2013-07-02,322,345,12,-74.0,849.0,598
290,2013-07-03,323,345,12,-74.0,847.0,598
292,2013-07-04,324,346,12,-75.0,850.0,598
294,2013-07-06,325,346,12,-74.0,847.0,598
295,2013-07-07,326,347,12,-72.0,848.0,598
296,2013-07-08,327,347,12,-74.0,848.0,598
293,2013-07-09,328,348,12,-75.0,847.0,598
298,2013-07-10,329,348,12,-74.0,847.0,598
297,2013-07-11,330,349,12,-75.0,848.0,598
303,2013-07-12,331,349,12,-74.0,848.0,598
300,2013-07-13,332,350,12,-76.0,849.0,598
299,2013-07-14,333,350,12,-75.0,849.0,598
301,2013-07-15,334,351,12,-74.0,852.0,598
302,2013-07-16,335,352,12,-76.0,852.0,598
305,2013-07-17,336,352,12,-76.0,852.0,598
304,2013-07-18,337,353,12,-75.0,853.0,598
306,2013-07-19,338,353,12,-78.0,848.0,598
308,2013-07-20,339,354,12,-76.0,849.0,598
307,2013-07-21,340,354,12,-76.0,851.0,598
310,2013-07-22,341,355,12,-77.0,852.0,598
309,2013-07-23,342,355,12,-76.0,851.0,598
311,2013-07-24,343,356,12,-77.0,850.0,598
317,2013-07-25,344,356,12,-77.0,851.0,598
312,2013-07-26,345,357,12,-77.0,853.0,598
314,2013-07-27,346,357,12,-76.0,853.0,598
313,2013-07-28,347,358,12,-77.0,851.0,598
315,2013-07-29,348,358,12,-74.0,850.0,598
316,2013-07-30,349,359,12,-75.0,852.0,598
318,2013-07-31,350,359,12,-76.0,853.0,598
320,2013-08-01,351,0,1,-75.0,853.0,598
319,2013-08-02,352,0,1,-77.0,854.0,598
323,2013-08-03,353,1,1,-75.0,855.0,598
322,2013-08-04,354,1,1,-75.0,857.0,598
321,2013-08-05,355,2,1,-75.0,857.0,598
324,2013-08-06,356,2,1,-77.0,856.0,598
325,2013-08-07,357,3,1,-76.0,857.0,598
326,2013-08-17,366,7,1,-76.0,861.0,598
328,2013-08-18,367,8,1,-76.0,862.0,598
330,2013-08-19,368,8,1,-77.0,863.0,598
331,2013-08-20,369,9,1,-75.0,865.0,598
332,2013-08-21,370,9,1,-79.0,865.0,598
333,2013-08-22,371,10,1,-77.0,865.0,598
334,2013-08-23,372,10,1,-76.0,866.0,598
335,2013-08-24,373,11,1,-79.0,866.0,598
337,2013-08-25,374,11,1,-79.0,866.0,598
336,2013-08-26,375,12,1,-77.0,867.0,598
340,2013-08-27,376,12,1,-78.0,870.0,598
338,2013-08-28,377,13,1,-78.0,870.0,598
339,2013-08-29,378,13,1,-78.0,869.0,598
341,2013-08-30,379,14,1,-79.0,870.0,598
343,2013-08-31,380,14,1,-79.0,870.0,598
345,2013-09-01,381,15,1,-79.0,871.0,598
344,2013-09-02,382,15,1,-76.0,872.0,598
342,2013-09-03,383,16,1,-77.0,874.0,598
346,2013-09-04,384,16,1,-77.0,875.0,598
351,2013-09-05,385,17,1,-78.0,874.0,598
347,2013-09-06,386,17,1,-77.0,873.0,598
349,2013-09-07,387,18,1,-78.0,874.0,598
350,2013-09-08,388,18,1,-79.0,875.0,598
348,2013-09-09,389,19,1,-79.0,875.0,598
352,2013-09-10,390,19,1,-78.0,875.0,598
353,2013-09-11,391,20,1,-78.0,875.0,598
354,2013-09-12,392,20,1,-77.0,876.0,598
355,2013-09-13,393,21,1,-76.0,877.0,598
356,2013-09-14,394,21,1,-79.0,878.0,598
357,2013-09-15,395,22,1,-77.0,878.0,598
358,2013-09-16,396,22,1,-78.0,879.0,598
359,2013-09-18,397,23,1,-75.0,880.0,598
360,2013-09-19,398,23,1,-79.0,880.0,598
361,2013-09-20,399,24,1,-79.0,881.0,598
363,2013-09-21,400,24,1,-79.0,881.0,598
362,2013-09-22,401,25,1,-79.0,882.0,598
365,2013-09-23,402,25,1,-78.0,883.0,598
364,2013-09-24,403,25,1,-80.0,883.0,598
367,2013-09-25,404,26,1,-78.0,884.0,598
366,2013-09-26,405,26,1,-82.0,885.0,598
374,2013-09-27,406,27,1,-81.0,886.0,598
370,2013-09-28,407,27,1,-81.0,887.0,598
369,2013-09-29,408,28,1,-80.0,887.0,598
368,2013-09-30,409,28,1,-81.0,887.0,598
373,2013-10-01,410,29,1,-81.0,888.0,598
372,2013-10-02,411,29,1,-82.0,887.0,598
371,2013-10-03,412,30,2,-80.0,888.0,598
376,2013-10-04,413,30,2,-82.0,888.0,598
375,2013-10-05,414,31,2,-79.0,889.0,598
377,2013-10-06,415,31,2,-82.0,890.0,598
378,2013-10-07,416,32,2,-79.0,889.0,598
379,2013-10-08,417,32,2,-82.0,890.0,598
380,2013-10-09,418,33,2,-79.0,891.0,598
381,2013-10-10,419,33,2,-82.0,891.0,598
385,2013-10-11,420,33,2,-80.0,892.0,598
382,2013-10-12,421,34,2,-81.0,890.0,598
384,2013-10-13,422,34,2,-82.0,891.0,598
383,2013-10-14,423,35,2,-81.0,892.0,598
386,2013-10-15,424,35,2,-81.0,893.0,598
393,2013-10-16,425,36,2,-81.0,893.0,598
388,2013-10-17,426,36,2,-79.0,893.0,598
392,2013-10-18,427,37,2,-81.0,893.0,598
391,2013-10-19,428,37,2,-81.0,894.0,598
387,2013-10-20,429,38,2,-82.0,895.0,598
390,2013-10-21,430,38,2,-82.0,896.0,598
389,2013-10-22,431,39,2,-83.0,895.0,598
395,2013-10-23,432,39,2,-80.0,896.0,598
394,2013-10-24,433,40,2,-81.0,895.0,598
397,2013-10-26,434,40,2,-80.0,896.0,598
396,2013-10-27,435,40,2,-81.0,896.0,598
398,2013-10-28,436,41,2,-81.0,897.0,598
399,2013-10-29,437,41,2,-82.0,898.0,598
400,2013-10-30,438,42,2,-79.0,899.0,598
401,2013-10-31,439,42,2,-80.0,899.0,598
404,2013-11-01,440,43,2,-80.0,899.0,598
402,2013-11-02,441,43,2,-81.0,900.0,598
405,2013-11-03,442,44,2,-80.0,900.0,598
403,2013-11-04,443,44,2,-81.0,901.0,598
407,2013-11-16,455,50,2,-84.0,905.0,598
406,2013-11-17,456,50,2,-83.0,905.0,598
409,2013-11-24,463,53,2,-86.0,906.0,598
410,2013-11-25,464,54,2,-84.0,906.0,598
412,2013-11-26,465,54,2,-85.0,906.0,598
415,2013-11-27,466,55,2,-85.0,907.0,598
411,2013-11-28,467,55,2,-84.0,907.0,598
414,2013-11-29,468,55,2,-85.0,907.0,598
413,2013-11-30,469,56,2,-85.0,908.0,598
475,2013-12-02,470,56,2,-85.0,907.0,598
479,2013-12-03,471,57,2,-84.0,906.0,598
416,2013-12-04,472,57,2,-84.0,907.0,598
417,2013-12-05,473,58,2,-86.0,907.0,598
420,2013-12-06,474,58,2,-84.0,906.0,598
419,2013-12-07,475,59,2,-85.0,906.0,598
418,2013-12-08,476,59,2,-85.0,906.0,598
421,2013-12-09,477,60,3,-85.0,907.0,598
422,2013-12-18,486,64,3,-84.0,904.0,598
473,2013-12-19,487,64,3,-85.0,904.0,598
480,2013-12-20,488,64,3,-87.0,903.0,598
423,2013-12-21,489,65,3,-85.0,904.0,598
434,2013-12-22,490,65,3,-87.0,903.0,598
433,2013-12-23,491,66,3,-86.0,903.0,598
427,2013-12-24,492,66,3,-86.0,903.0,598
426,2013-12-25,493,67,3,-84.0,902.0,598
429,2013-12-26,494,67,3,-85.0,902.0,598
431,2013-12-27,495,68,3,-86.0,900.0,598
428,2013-12-28,496,68,3,-85.0,901.0,598
425,2013-12-29,497,69,3,-86.0,901.0,598
424,2013-12-30,498,69,3,-86.0,901.0,598
432,2013-12-31,499,69,3,-84.0,899.0,598
430,2014-01-01,500,70,3,-85.0,897.0,598
435,2014-01-02,501,70,3,-86.0,898.0,598
437,2014-01-03,502,71,3,-87.0,898.0,598
483,2014-01-04,503,71,3,-86.0,897.0,598
436,2014-01-05,504,72,3,-85.0,895.0,598
438,2014-01-06,505,72,3,-85.0,895.0,598
439,2014-01-08,506,73,3,-86.0,894.0,598
440,2014-01-09,507,73,3,-85.0,894.0,598
442,2014-01-10,508,73,3,-83.0,893.0,598
443,2014-01-11,509,74,3,-86.0,895.0,598
441,2014-01-12,510,74,3,-85.0,892.0,598
446,2014-01-13,511,75,3,-85.0,892.0,598
444,2014-01-14,512,75,3,-86.0,890.0,598
445,2014-01-15,513,76,3,-86.0,889.0,598
447,2014-01-16,514,76,3,-86.0,888.0,598
450,2014-01-17,515,77,3,-86.0,888.0,598
449,2014-01-18,516,77,3,-86.0,888.0,598
448,2014-01-19,517,77,3,-86.0,885.0,598
451,2014-01-20,518,78,3,-85.0,885.0,598
452,2014-01-21,519,78,3,-86.0,884.0,598
453,2014-01-22,520,79,3,-86.0,884.0,598
454,2014-01-23,521,79,3,-87.0,882.0,598
455,2014-01-24,522,80,3,-85.0,881.0,598
458,2014-01-25,523,80,3,-85.0,881.0,598
457,2014-01-26,524,81,3,-85.0,880.0,598
456,2014-01-27,525,81,3,-87.0,878.0,598
459,2014-01-28,526,82,3,-87.0,878.0,598
460,2014-01-29,527,82,3,-86.0,877.0,598
461,2014-01-30,528,82,3,-86.0,876.0,598
462,2014-01-31,529,83,3,-87.0,875.0,598
463,2014-02-01,530,83,3,-87.0,873.0,598
465,2014-02-02,531,84,3,-87.0,872.0,598
464,2014-02-03,532,84,3,-88.0,872.0,598
466,2014-02-04,533,85,3,-87.0,871.0,598
467,2014-02-05,534,85,3,-86.0,869.0,598
468,2014-02-06,535,86,3,-88.0,868.0,598
470,2014-02-07,536,86,3,-83.0,867.0,598
469,2014-02-08,537,86,3,-83.0,865.0,598
472,2014-02-09,538,87,3,-85.0,865.0,598
476,2014-02-10,539,87,3,-85.0,864.0,598
481,2014-02-11,540,88,3,-84.0,862.0,598
482,2014-02-12,541,88,3,-84.0,861.0,598
477,2014-02-13,542,89,3,-85.0,859.0,598
486,2014-02-15,543,89,3,-84.0,858.0,598
487,2014-02-16,544,90,4,-86.0,857.0,598
490,2014-02-17,545,90,4,-85.0,856.0,598
489,2014-02-18,546,91,4,-85.0,855.0,598
488,2014-02-19,547,91,4,-85.0,853.0,598
491,2014-02-20,548,91,4,-86.0,852.0,598
492,2014-02-21,549,92,4,-87.0,851.0,598
494,2014-02-22,550,92,4,-85.0,850.0,598
495,2014-02-23,551,93,4,-85.0,848.0,598
493,2014-02-24,552,93,4,-86.0,847.0,598
496,2014-02-25,553,94,4,-84.0,845.0,598
497,2014-02-26,554,94,4,-84.0,843.0,598
499,2014-02-27,555,95,4,-85.0,843.0,598
501,2014-02-28,556,95,4,-85.0,842.0,598
498,2014-03-01,557,96,4,-85.0,840.0,598
500,2014-03-02,558,96,4,-85.0,839.0,598
502,2014-03-03,559,96,4,-85.0,838.0,598
503,2014-03-04,560,97,4,-86.0,836.0,598
504,2014-03-05,561,97,4,-85.0,835.0,598
506,2014-03-06,562,98,4,-85.0,834.0,598
505,2014-03-07,563,98,4,-87.0,833.0,598
509,2014-03-08,564,99,4,-86.0,831.0,598
508,2014-03-09,565,99,4,-85.0,830.0,598
507,2014-03-10,566,100,4,-86.0,829.0,598
510,2014-03-11,567,100,4,-86.0,827.0,598
511,2014-03-12,568,101,4,-86.0,825.0,598
512,2014-03-13,569,101,4,-85.0,825.0,598
513,2014-03-14,570,102,4,-84.0,823.0,598
515,2014-03-15,571,102,4,-84.0,821.0,598
514,2014-03-16,572,102,4,-85.0,820.0,598
516,2014-03-17,573,103,4,-84.0,819.0,598
517,2014-03-18,574,103,4,-85.0,817.0,598
518,2014-03-19,575,104,4,-82.0,816.0,598
520,2014-03-20,576,104,4,-84.0,815.0,598
519,2014-03-21,577,105,4,-84.0,813.0,598
521,2014-03-22,578,105,4,-83.0,812.0,598
522,2014-03-24,579,106,4,-82.0,811.0,598
523,2014-03-25,580,106,4,-83.0,810.0,598
524,2014-03-26,581,107,4,-84.0,808.0,598
525,2014-03-27,582,107,4,-84.0,807.0,598
526,2014-03-28,583,108,4,-82.0,806.0,598
528,2014-03-29,584,108,4,-82.0,804.0,598
527,2014-03-30,585,109,4,-83.0,802.0,598
529,2014-03-31,586,109,4,-82.0,802.0,598
530,2014-04-01,587,109,4,-85.0,801.0,598
532,2014-04-02,588,110,4,-84.0,799.0,598
531,2014-04-03,589,110,4,-85.0,798.0,598
535,2014-04-04,590,111,4,-82.0,797.0,598
533,2014-04-05,591,111,4,-82.0,795.0,598
534,2014-04-06,592,112,4,-83.0,795.0,598
536,2014-04-07,593,112,4,-83.0,795.0,598
537,2014-04-08,594,113,4,-83.0,793.0,598
538,2014-04-09,595,113,4,-83.0,792.0,598
539,2014-04-10,596,114,4,-82.0,791.0,598
540,2014-04-11,597,114,4,-84.0,790.0,598
542,2014-04-12,598,115,4,-84.0,787.0,598
543,2014-04-13,599,115,4,-84.0,788.0,598
541,2014-04-14,600,116,4,-81.0,787.0,598
544,2014-04-15,601,116,4,-82.0,785.0,598
545,2014-04-16,602,117,4,-82.0,784.0,598
548,2014-04-17,603,117,4,-83.0,783.0,598
546,2014-04-18,604,118,4,-84.0,782.0,598
547,2014-04-19,605,118,4,-83.0,781.0,598
549,2014-04-20,606,118,4,-84.0,780.0,598
550,2014-04-21,607,119,4,-83.0,779.0,598
551,2014-04-22,608,119,4,-85.0,777.0,598
552,2014-04-23,609,120,5,-84.0,777.0,598
554,2014-04-24,610,120,5,-85.0,776.0,598
555,2014-04-25,611,121,5,-84.0,775.0,598
553,2014-04-26,612,121,5,-85.0,774.0,598
556,2014-04-27,613,122,5,-84.0,773.0,598
557,2014-04-28,614,122,5,-82.0,772.0,598
558,2014-04-29,615,123,5,-83.0,771.0,598
559,2014-05-01,616,123,5,-82.0,769.0,598
561,2014-05-02,617,124,5,-84.0,769.0,598
562,2014-05-03,618,124,5,-83.0,769.0,598
560,2014-05-04,619,125,5,-82.0,766.0,598
563,2014-05-05,620,125,5,-83.0,765.0,598
564,2014-05-06,621,126,5,-82.0,765.0,598
565,2014-05-07,622,126,5,-84.0,763.0,598
566,2014-05-08,623,127,5,-83.0,763.0,598
568,2014-05-09,624,127,5,-82.0,762.0,598
569,2014-05-10,625,128,5,-81.0,761.0,598
567,2014-05-11,626,128,5,-82.0,760.0,598
570,2014-05-12,627,129,5,-82.0,759.0,598
571,2014-05-13,628,129,5,-81.0,759.0,598
572,2014-05-14,629,130,5,-84.0,759.0,598
573,2014-05-15,630,130,5,-82.0,757.0,598
576,2014-05-16,631,131,5,-81.0,756.0,598
575,2014-05-17,632,131,5,-79.0,755.0,598
574,2014-05-18,633,132,5,-81.0,754.0,598
577,2014-05-19,634,132,5,-82.0,753.0,598
578,2014-05-20,635,133,5,-82.0,754.0,598
582,2014-05-21,636,133,5,-81.0,752.0,598
580,2014-05-22,637,134,5,-80.0,752.0,598
579,2014-05-23,638,134,5,-80.0,751.0,598
581,2014-05-24,639,135,5,-80.0,750.0,598
583,2014-05-25,640,135,5,-81.0,750.0,598
584,2014-05-26,641,136,5,-81.0,749.0,598
585,2014-05-27,642,136,5,-80.0,749.0,598
586,2014-05-28,643,137,5,-80.0,748.0,598
588,2014-05-29,644,137,5,-80.0,748.0,598
589,2014-05-30,645,138,5,-81.0,746.0,598
587,2014-05-31,646,138,5,-81.0,746.0,598
590,2014-06-01,647,139,5,-79.0,746.0,598
591,2014-06-02,648,139,5,-80.0,746.0,598
592,2014-06-03,649,140,5,-79.0,745.0,598
593,2014-06-04,650,140,5,-80.0,743.0,598
595,2014-06-05,651,141,5,-80.0,743.0,598
594,2014-06-07,652,141,5,-79.0,745.0,598
596,2014-06-08,653,142,5,-80.0,744.0,598
597,2014-06-09,654,142,5,-79.0,742.0,598
598,2014-06-10,655,143,5,-77.0,741.0,598
599,2014-06-11,656,143,5,-80.0,740.0,598
600,2014-06-12,657,144,5,-79.0,739.0,598
602,2014-06-13,658,144,5,-79.0,739.0,598
603,2014-06-14,659,145,5,-77.0,738.0,598
601,2014-06-15,660,145,5,-78.0,735.0,598
604,2014-06-16,661,146,5,-76.0,735.0,598
605,2014-06-17,662,146,5,-77.0,735.0,598
609,2014-06-18,663,147,5,-77.0,734.0,598
607,2014-06-19,664,147,5,-78.0,732.0,598
610,2014-06-20,665,148,5,-78.0,735.0,598
608,2014-06-21,666,148,5,-77.0,736.0,598
606,2014-06-22,667,149,5,-76.0,736.0,598
611,2014-06-23,668,150,6,-75.0,734.0,598
613,2014-06-24,669,150,6,-84.0,735.0,598
612,2014-06-25,670,151,6,-79.0,737.0,598
614,2014-06-26,671,151,6,-79.0,740.0,598
615,2014-06-27,672,152,6,-78.0,739.0,598
616,2014-06-28,673,152,6,-78.0,738.0,598
617,2014-06-29,674,153,6,-80.0,739.0,598
618,2014-06-30,675,153,6,-80.0,740.0,598
619,2014-07-01,676,154,6,-80.0,738.0,598
622,2014-07-02,677,154,6,-78.0,737.0,598
621,2014-07-03,678,155,6,-77.0,739.0,1
624,2014-07-04,679,155,6,-77.0,738.0,650
620,2014-07-05,680,156,6,-76.0,740.0,650
623,2014-07-06,681,156,6,-79.0,738.0,650
625,2014-07-07,682,157,6,-77.0,739.0,650
626,2014-07-08,683,158,6,-79.0,741.0,650
627,2014-07-09,684,158,6,-75.0,741.0,650
628,2014-07-10,685,159,6,-77.0,740.0,650
629,2014-07-11,686,159,6,-76.0,738.0,650
630,2014-07-12,687,160,6,-77.0,739.0,650
631,2014-07-14,688,160,6,-77.0,741.0,650
632,2014-07-15,689,161,6,-76.0,742.0,650
633,2014-07-16,690,161,6,-77.0,741.0,650
634,2014-07-17,691,162,6,-76.0,741.0,650
637,2014-07-18,692,162,6,-76.0,742.0,650
636,2014-07-19,693,163,6,-76.0,741.0,650
635,2014-07-20,694,164,6,-75.0,740.0,650
638,2014-07-21,695,164,6,-76.0,741.0,650
639,2014-07-22,696,165,6,-75.0,743.0,650
640,2014-07-23,697,165,6,-74.0,743.0,650
641,2014-07-24,698,166,6,-77.0,743.0,650
642,2014-07-25,699,166,6,-76.0,744.0,650
643,2014-07-26,700,167,6,-75.0,745.0,650
644,2014-07-27,701,167,6,-77.0,745.0,650
645,2014-07-28,702,168,6,-76.0,745.0,650
646,2014-07-29,703,169,6,-75.0,747.0,650
647,2014-07-30,704,169,6,-75.0,747.0,650
648,2014-07-31,705,170,6,-76.0,746.0,650
650,2014-08-01,706,170,6,-76.0,748.0,650
651,2014-08-02,707,171,6,-76.0,749.0,650
649,2014-08-03,708,171,6,-76.0,749.0,650
652,2014-08-04,709,172,6,-73.0,750.0,650
653,2014-08-05,710,172,6,-77.0,751.0,650
654,2014-08-06,711,173,6,-75.0,751.0,650
658,2014-08-07,712,174,6,-77.0,752.0,650
656,2014-08-08,713,174,6,-76.0,754.0,650
655,2014-08-09,714,175,6,-76.0,754.0,650
657,2014-08-10,715,175,6,-73.0,755.0,650
659,2014-08-11,716,176,6,-75.0,755.0,650
661,2014-08-12,717,176,6,-76.0,756.0,650
660,2014-08-13,718,177,6,-77.0,757.0,650
662,2014-08-14,719,178,6,-77.0,758.0,650
663,2014-08-15,720,178,6,-74.0,760.0,650
664,2014-08-16,721,179,6,-73.0,761.0,650
665,2014-08-17,722,179,6,-74.0,760.0,650
666,2014-08-18,723,180,7,-73.0,761.0,650
667,2014-08-19,724,181,7,-74.0,763.0,650
669,2014-08-21,725,181,7,-73.0,764.0,650
668,2014-08-22,726,182,7,-75.0,766.0,650
671,2014-08-23,727,182,7,-76.0,766.0,650
670,2014-08-24,728,183,7,-74.0,766.0,650
672,2014-08-25,729,183,7,-75.0,768.0,650
676,2014-08-26,730,184,7,-76.0,770.0,650
673,2014-08-27,731,185,7,-75.0,771.0,650
677,2014-08-28,732,185,7,-75.0,773.0,650
674,2014-08-29,733,186,7,-74.0,773.0,650
675,2014-08-30,734,186,7,-73.0,776.0,650
678,2014-08-31,735,187,7,-73.0,776.0,650
679,2014-09-01,736,188,7,-76.0,776.0,650
680,2014-09-02,737,188,7,-74.0,777.0,650
681,2014-09-03,738,189,7,-75.0,778.0,650
682,2014-09-04,739,189,7,-77.0,779.0,650
685,2014-09-05,740,190,7,-76.0,782.0,650
683,2014-09-06,741,191,7,-70.0,784.0,650
684,2014-09-07,742,191,7,-72.0,784.0,650
686,2014-09-08,743,192,7,-72.0,786.0,650
687,2014-09-09,744,192,7,-75.0,786.0,650
689,2014-09-10,745,193,7,-74.0,787.0,650
688,2014-09-11,746,194,7,-76.0,788.0,650
691,2014-09-12,747,194,7,-73.0,789.0,650
690,2014-09-13,748,195,7,-71.0,791.0,650
692,2014-09-14,749,195,7,-73.0,794.0,650
693,2014-09-15,750,196,7,-72.0,796.0,650
695,2014-09-16,751,197,7,-72.0,797.0,650
694,2014-09-17,752,197,7,-71.0,798.0,650
698,2014-09-18,753,198,7,-73.0,800.0,650
696,2014-09-19,754,198,7,-73.0,802.0,650
697,2014-09-20,755,199,7,-74.0,806.0,650
699,2014-09-21,756,200,7,-73.0,806.0,650
700,2014-09-22,757,200,7,-73.0,807.0,650
701,2014-09-23,758,201,7,-71.0,810.0,650
702,2014-09-24,759,201,7,-77.0,809.0,650
704,2014-09-25,760,202,7,-70.0,810.0,650
705,2014-09-27,761,203,7,-72.0,814.0,650
703,2014-09-28,762,203,7,-75.0,814.0,650
706,2014-09-29,763,204,7,-78.0,817.0,650
707,2014-09-30,764,205,7,-73.0,821.0,650
708,2014-10-01,765,205,7,-73.0,820.0,650
709,2014-10-02,766,206,7,-70.0,824.0,650
710,2014-10-03,767,206,7,-71.0,824.0,650
712,2014-10-04,768,207,7,-73.0,826.0,650
711,2014-10-05,769,208,7,-73.0,829.0,650
713,2014-10-06,770,208,7,-70.0,829.0,650
714,2014-10-07,771,209,7,-71.0,836.0,650
715,2014-10-08,772,210,8,-71.0,835.0,650
716,2014-10-09,773,210,8,-70.0,838.0,650
719,2014-10-10,774,211,8,-73.0,838.0,650
717,2014-10-11,775,211,8,-71.0,838.0,650
718,2014-10-12,776,212,8,-72.0,841.0,650
720,2014-10-13,777,213,8,-72.0,841.0,650
721,2014-10-14,778,213,8,-70.0,846.0,650
722,2014-10-15,779,214,8,-71.0,845.0,650
723,2014-10-16,780,215,8,-72.0,852.0,650
725,2014-10-17,781,215,8,-74.0,849.0,650
724,2014-10-18,782,216,8,-71.0,854.0,650
727,2014-10-19,783,216,8,-69.0,853.0,650
726,2014-10-20,784,217,8,-69.0,857.0,650
728,2014-10-21,785,218,8,-74.0,858.0,650
729,2014-10-22,786,218,8,-74.0,861.0,650
732,2014-10-23,787,219,8,-73.0,860.0,650
731,2014-10-24,788,220,8,-68.0,862.0,650
730,2014-10-25,789,220,8,-68.0,862.0,650
733,2014-10-26,790,221,8,-68.0,864.0,650
734,2014-10-27,791,222,8,-70.0,867.0,650
735,2014-10-28,792,222,8,-71.0,873.0,650
736,2014-10-29,793,223,8,-71.0,877.0,650
739,2014-10-30,794,223,8,-68.0,874.0,650
738,2014-10-31,795,224,8,-68.0,875.0,650
737,2014-11-01,796,225,8,-65.0,877.0,650
740,2014-11-03,797,225,8,-65.0,879.0,650
741,2014-11-04,798,226,8,-67.0,883.0,650
743,2014-11-05,799,227,8,-70.0,884.0,650
742,2014-11-06,800,227,8,-67.0,884.0,650
746,2014-11-07,801,228,8,-70.0,884.0,650
745,2014-11-08,802,229,8,-69.0,887.0,650
744,2014-11-09,803,229,8,-69.0,888.0,650
747,2014-11-10,804,230,8,-73.0,891.0,650
748,2014-11-11,805,231,8,-70.0,893.0,650
750,2014-11-12,806,231,8,-69.0,893.0,650
749,2014-11-13,807,232,8,-71.0,892.0,650
752,2014-11-14,808,232,8,-67.0,893.0,650
753,2014-11-15,809,233,8,-70.0,895.0,650
751,2014-11-16,810,234,8,-69.0,897.0,650
754,2014-11-17,811,234,8,-71.0,900.0,650
755,2014-11-18,812,235,8,-75.0,902.0,650
756,2014-11-19,813,236,8,-67.0,904.0,650
757,2014-11-20,814,236,8,-68.0,902.0,650
759,2014-11-21,815,237,8,-69.0,905.0,650
758,2014-11-22,816,238,8,-74.0,909.0,650
761,2014-11-23,817,238,8,-69.0,913.0,650
760,2014-11-24,818,239,8,-68.0,914.0,650
763,2014-11-25,819,240,9,-71.0,913.0,650
765,2014-11-26,820,240,9,-68.0,910.0,650
762,2014-11-27,821,241,9,-68.0,910.0,650
764,2014-11-28,822,242,9,-71.0,911.0,650
766,2014-11-29,823,242,9,-69.0,912.0,650
768,2014-11-30,824,243,9,-67.0,914.0,650
767,2014-12-01,825,243,9,-67.0,914.0,650
770,2014-12-02,826,244,9,-68.0,914.0,650
769,2014-12-03,827,245,9,-68.0,911.0,650
771,2014-12-04,828,245,9,-71.0,914.0,650
773,2014-12-05,829,246,9,-71.0,914.0,650
772,2014-12-06,830,247,9,-68.0,918.0,650
774,2014-12-07,831,247,9,-68.0,920.0,650
775,2014-12-08,832,248,9,-68.0,924.0,650
776,2014-12-09,833,249,9,-69.0,923.0,650
777,2014-12-11,834,249,9,-68.0,918.0,650
780,2014-12-12,835,250,9,-69.0,917.0,650
778,2014-12-13,836,251,9,-69.0,916.0,650
779,2014-12-14,837,251,9,-69.0,916.0,650
782,2014-12-15,838,252,9,-69.0,917.0,650
781,2014-12-16,839,253,9,-70.0,917.0,650
783,2014-12-17,840,253,9,-74.0,913.0,650
784,2014-12-18,841,254,9,-75.0,914.0,650
790,2014-12-19,842,255,9,-69.0,914.0,650
793,2014-12-20,843,255,9,-69.0,916.0,650
788,2014-12-21,844,256,9,-68.0,917.0,650
786,2014-12-22,845,257,9,-73.0,920.0,650
785,2014-12-23,846,257,9,-74.0,925.0,650
791,2014-12-24,847,258,9,-69.0,918.0,650
792,2014-12-25,848,258,9,-69.0,918.0,650
787,2014-12-26,849,259,9,-69.0,918.0,650
789,2014-12-27,850,260,9,-68.0,918.0,650
794,2014-12-28,851,260,9,-68.0,919.0,650
797,2014-12-29,852,261,9,-73.0,916.0,650
796,2014-12-30,853,262,9,-67.0,913.0,650
798,2014-12-31,854,262,9,-66.0,910.0,650
799,2015-01-01,855,263,9,-69.0,912.0,650
795,2015-01-02,856,264,9,-68.0,912.0,650
801,2015-01-03,857,264,9,-76.0,911.0,650
800,2015-01-04,858,265,9,-73.0,913.0,650
802,2015-01-05,859,266,9,-72.0,915.0,650
803,2015-01-06,860,266,9,-69.0,916.0,650
804,2015-01-07,861,267,9,-70.0,917.0,650
807,2015-01-08,862,268,9,-70.0,917.0,650
805,2015-01-09,863,268,9,-72.0,916.0,650
806,2015-01-10,864,269,9,-70.0,914.0,650
808,2015-01-11,865,270,10,-70.0,913.0,650
809,2015-01-12,866,270,10,-71.0,911.0,650
810,2015-01-13,867,271,10,-71.0,910.0,650
811,2015-01-14,868,271,10,-71.0,908.0,650
812,2015-01-15,869,272,10,-72.0,906.0,650
813,2015-01-17,870,273,10,-74.0,909.0,650
814,2015-01-18,871,273,10,-70.0,903.0,650
815,2015-01-19,872,274,10,-72.0,902.0,650
817,2015-01-28,881,280,10,-73.0,899.0,650
818,2015-01-29,882,280,10,-76.0,901.0,650
820,2015-01-30,883,281,10,-74.0,897.0,650
821,2015-01-31,884,282,10,-71.0,897.0,650
819,2015-02-01,885,282,10,-71.0,895.0,650
823,2015-02-02,886,283,10,-73.0,894.0,650
822,2015-02-03,887,284,10,-73.0,897.0,650
824,2015-02-04,888,284,10,-70.0,896.0,650
825,2015-02-05,889,285,10,-70.0,895.0,650
826,2015-02-06,890,286,10,-72.0,892.0,650
827,2015-02-07,891,286,10,-72.0,892.0,650
828,2015-02-08,892,287,10,-71.0,892.0,650
829,2015-02-09,893,287,10,-72.0,890.0,650
830,2015-02-10,894,288,10,-75.0,891.0,650
831,2015-02-11,895,289,10,-72.0,889.0,650
833,2015-02-12,896,289,10,-70.0,888.0,650
832,2015-02-13,897,290,10,-72.0,884.0,650
834,2015-02-14,898,291,10,-72.0,883.0,650
835,2015-02-15,899,291,10,-75.0,881.0,650
836,2015-02-16,900,292,10,-70.0,883.0,650
837,2015-02-17,901,292,10,-71.0,885.0,650
838,2015-02-18,902,293,10,-68.0,883.0,650
839,2015-02-19,903,294,10,-71.0,882.0,650
841,2015-02-20,904,294,10,-71.0,878.0,650
840,2015-02-21,905,295,10,-71.0,880.0,650
843,2015-02-22,906,296,10,-76.0,878.0,650
842,2015-02-24,907,296,10,-75.0,879.0,650
844,2015-02-25,908,297,10,-71.0,883.0,650
845,2015-02-26,909,297,10,-70.0,878.0,650
847,2015-02-27,910,298,10,-73.0,878.0,650
846,2015-02-28,911,299,10,-70.0,874.0,650
849,2015-03-01,912,299,10,-75.0,875.0,650
848,2015-03-02,913,300,11,-71.0,871.0,650
850,2015-03-03,914,300,11,-71.0,874.0,650
851,2015-03-04,915,301,11,-71.0,878.0,650
852,2015-03-05,916,302,11,-71.0,872.0,650
854,2015-03-06,917,302,11,-76.0,871.0,650
853,2015-03-07,918,303,11,-71.0,867.0,650
855,2015-03-08,919,304,11,-74.0,870.0,650
856,2015-03-09,920,304,11,-72.0,868.0,650
857,2015-03-10,921,305,11,-70.0,867.0,650
858,2015-03-11,922,305,11,-73.0,870.0,650
859,2015-03-12,923,306,11,-72.0,867.0,650
861,2015-03-13,924,307,11,-74.0,867.0,650
860,2015-03-14,925,307,11,-71.0,862.0,650
862,2015-03-15,926,308,11,-76.0,864.0,650
863,2015-03-16,927,308,11,-76.0,862.0,650
864,2015-03-17,928,309,11,-72.0,862.0,650
865,2015-03-18,929,310,11,-75.0,866.0,650
868,2015-03-19,930,310,11,-75.0,865.0,650
867,2015-03-20,931,311,11,-69.0,864.0,650
866,2015-03-21,932,311,11,-71.0,859.0,650
869,2015-03-22,933,312,11,-71.0,863.0,650
870,2015-03-23,934,313,11,-73.0,858.0,650
872,2015-03-24,935,313,11,-75.0,862.0,650
871,2015-03-25,936,314,11,-72.0,865.0,650
874,2015-03-26,937,314,11,-73.0,863.0,650
876,2015-03-29,940,316,11,-73.0,861.0,650
875,2015-03-30,941,317,11,-74.0,857.0,650
880,2015-03-31,942,317,11,-74.0,857.0,650
877,2015-04-02,943,318,11,-73.0,854.0,650
878,2015-04-03,944,318,11,-70.0,852.0,650
881,2015-04-04,945,319,11,-72.0,851.0,650
879,2015-04-05,946,320,11,-77.0,850.0,650
882,2015-04-06,947,320,11,-70.0,853.0,650
883,2015-04-07,948,321,11,-73.0,854.0,650
884,2015-04-08,949,321,11,-72.0,851.0,650
885,2015-04-09,950,322,11,-73.0,850.0,650
888,2015-04-10,951,323,11,-75.0,849.0,650
886,2015-04-11,952,323,11,-69.0,847.0,650
887,2015-04-12,953,324,11,-71.0,847.0,650
889,2015-04-13,954,324,11,-73.0,847.0,650
892,2015-04-17,958,327,11,-74.0,848.0,650
891,2015-04-18,959,327,11,-78.0,846.0,650
893,2015-04-19,960,328,11,-76.0,846.0,650
895,2015-04-20,961,328,11,-71.0,849.0,650
894,2015-04-21,962,329,11,-73.0,845.0,650
896,2015-04-22,963,329,11,-71.0,850.0,650
897,2015-04-23,964,330,12,-72.0,847.0,650
898,2015-04-24,965,331,12,-75.0,847.0,650
900,2015-04-25,966,331,12,-73.0,850.0,650
899,2015-04-26,967,332,12,-74.0,844.0,650
901,2015-04-27,968,332,12,-71.0,848.0,650
902,2015-04-28,969,333,12,-72.0,844.0,650
903,2015-04-29,970,333,12,-71.0,849.0,650
906,2015-04-30,971,334,12,-71.0,848.0,650
904,2015-05-01,972,334,12,-73.0,847.0,650
905,2015-05-02,973,335,12,-72.0,844.0,650
907,2015-05-03,974,336,12,-73.0,842.0,650
908,2015-05-04,975,336,12,-73.0,843.0,650
909,2015-05-05,976,337,12,-75.0,842.0,650
910,2015-05-06,977,337,12,-75.0,841.0,650
913,2015-05-07,978,338,12,-73.0,842.0,650
912,2015-05-09,979,338,12,-79.0,841.0,650
911,2015-05-10,980,339,12,-73.0,840.0,650
914,2015-05-11,981,339,12,-73.0,841.0,650
917,2015-05-12,982,340,12,-74.0,840.0,650
916,2015-05-13,983,340,12,-76.0,840.0,650
915,2015-05-14,984,341,12,-74.0,840.0,650
918,2015-05-15,985,342,12,-78.0,840.0,650
919,2015-05-16,986,342,12,-74.0,840.0,650
920,2015-05-17,987,343,12,-74.0,839.0,650
922,2015-05-18,988,343,12,-75.0,840.0,650
921,2015-05-19,989,344,12,-74.0,841.0,650
923,2015-05-20,990,344,12,-76.0,839.0,650
926,2015-05-21,991,345,12,-73.0,840.0,650
924,2015-05-22,992,345,12,-73.0,842.0,650
927,2015-05-23,993,346,12,-73.0,840.0,650
925,2015-05-24,994,346,12,-79.0,842.0,650
929,2015-05-25,995,347,12,-74.0,842.0,650
928,2015-05-26,996,348,12,-72.0,842.0,650
930,2015-05-27,997,348,12,-74.0,843.0,650
931,2015-05-28,998,349,12,-73.0,842.0,650
932,2015-05-30,1000,350,12,-74.0,841.0,650
933,2015-05-31,1001,350,12,-79.0,843.0,650
936,2015-06-01,1002,351,12,-77.0,844.0,650
934,2015-06-02,1003,351,12,-74.0,843.0,650
935,2015-06-03,1004,352,12,-74.0,842.0,650
939,2015-06-04,1005,352,12,-75.0,843.0,650
941,2015-06-05,1006,353,12,-78.0,844.0,650
937,2015-06-06,1007,353,12,-79.0,845.0,650
940,2015-06-07,1008,354,12,-79.0,844.0,650
946,2015-06-08,1009,354,12,-75.0,845.0,650
947,2015-06-09,1010,355,12,-74.0,846.0,650
948,2015-06-10,1011,355,12,-78.0,845.0,650
949,2015-06-11,1012,356,12,-81.0,846.0,650
953,2015-06-12,1013,356,12,-80.0,846.0,650
950,2015-06-13,1014,357,12,-77.0,846.0,650
951,2015-06-14,1015,357,12,-75.0,847.0,650
952,2015-06-16,1016,358,12,-76.0,847.0,650
955,2015-06-17,1017,359,12,-78.0,850.0,650
956,2015-06-18,1018,359,12,-79.0,850.0,650
954,2015-06-19,1019,0,1,-81.0,849.0,650
938,2015-06-20,1020,0,1,-63.0,832.0,650
942,2015-06-21,1021,1,1,-76.0,850.0,650
944,2015-06-22,1022,1,1,-75.0,852.0,650
943,2015-06-23,1023,2,1,-76.0,851.0,650
945,2015-06-24,1024,2,1,-76.0,851.0,650
958,2015-06-25,1025,3,1,-74.0,851.0,650
957,2015-06-26,1026,3,1,-78.0,851.0,650
960,2015-06-28,1028,4,1,-75.0,853.0,650
959,2015-06-29,1029,5,1,-75.0,856.0,650
961,2015-06-30,1030,5,1,-77.0,855.0,650
963,2015-07-01,1031,6,1,-76.0,854.0,650
962,2015-07-02,1032,6,1,-74.0,854.0,650
965,2015-07-03,1033,7,1,-77.0,856.0,650
964,2015-07-04,1034,7,1,-76.0,859.0,650
966,2015-07-05,1035,8,1,-77.0,857.0,650
967,2015-07-06,1036,8,1,-76.0,856.0,650
968,2015-07-07,1037,9,1,-80.0,856.0,650
969,2015-07-08,1038,9,1,-76.0,858.0,650
970,2015-07-09,1039,10,1,-77.0,857.0,650
972,2015-07-10,1040,10,1,-77.0,858.0,650
971,2015-07-11,1041,11,1,-77.0,859.0,650
973,2015-07-12,1042,11,1,-76.0,859.0,650
974,2015-07-13,1043,12,1,-77.0,860.0,650
975,2015-07-14,1044,12,1,-79.0,860.0,650
978,2015-07-15,1045,13,1,-80.0,861.0,650
979,2015-07-16,1046,13,1,-77.0,862.0,650
977,2015-07-17,1047,14,1,-77.0,863.0,650
976,2015-07-18,1048,14,1,-78.0,864.0,650
980,2015-07-19,1049,15,1,-75.0,864.0,650
981,2015-07-20,1050,15,1,-76.0,863.0,650
983,2015-07-21,1051,16,1,-76.0,864.0,650
982,2015-07-23,1052,16,1,-78.0,865.0,650
984,2015-07-24,1053,17,1,-79.0,865.0,650
985,2015-07-25,1054,17,1,-77.0,867.0,650
987,2015-07-26,1055,17,1,-77.0,868.0,650
986,2015-07-27,1056,18,1,-76.0,868.0,650
988,2015-07-28,1057,18,1,-78.0,867.0,650
989,2015-07-29,1058,19,1,-78.0,868.0,650
990,2015-07-30,1059,19,1,-78.0,870.0,650
992,2015-07-31,1060,20,1,-78.0,870.0,650
993,2015-08-01,1061,20,1,-77.0,871.0,650
991,2015-08-02,1062,21,1,-77.0,871.0,650
994,2015-08-03,1063,21,1,-79.0,871.0,650
996,2015-08-04,1064,22,1,-77.0,871.0,650
995,2015-08-05,1065,22,1,-78.0,873.0,650
997,2015-08-06,1066,23,1,-78.0,875.0,650
998,2015-08-07,1067,23,1,-79.0,875.0,650
1000,2015-08-08,1068,24,1,-76.0,874.0,650
999,2015-08-09,1069,24,1,-77.0,876.0,650
1001,2015-08-10,1070,25,1,-80.0,877.0,650
1002,2015-08-11,1071,25,1,-78.0,878.0,650
1003,2015-08-12,1072,26,1,-78.0,879.0,650
1004,2015-08-13,1073,26,1,-82.0,879.0,650
1005,2015-08-14,1074,27,1,-77.0,878.0,650
1006,2015-08-15,1075,27,1,-77.0,879.0,650
1007,2015-08-16,1076,28,1,-81.0,880.0,650
1008,2015-08-17,1077,28,1,-79.0,880.0,650
1009,2015-08-18,1078,29,1,-80.0,881.0,650
1010,2015-08-19,1079,29,1,-80.0,882.0,650
1013,2015-08-20,1080,29,1,-77.0,882.0,650
1011,2015-08-21,1081,30,2,-77.0,882.0,650
1012,2015-08-22,1082,30,2,-79.0,882.0,650
1014,2015-08-23,1083,31,2,-80.0,883.0,650
1015,2015-08-24,1084,31,2,-78.0,885.0,650
1017,2015-08-25,1085,32,2,-79.0,886.0,650
1016,2015-08-26,1086,32,2,-77.0,885.0,650
1019,2015-08-27,1087,33,2,-78.0,885.0,650
1020,2015-08-29,1088,33,2,-77.0,885.0,650
1018,2015-08-30,1089,34,2,-76.0,885.0,650
1021,2015-08-31,1090,34,2,-78.0,886.0,650
1022,2015-09-01,1091,35,2,-77.0,886.0,650
1023,2015-09-02,1092,35,2,-79.0,886.0,650
1024,2015-09-03,1093,36,2,-77.0,887.0,650
1026,2015-09-04,1094,36,2,-80.0,888.0,650
1027,2015-09-05,1095,36,2,-79.0,888.0,650
1025,2015-09-06,1096,37,2,-79.0,888.0,650
1028,2015-09-07,1097,37,2,-78.0,889.0,650
1029,2015-09-08,1098,38,2,-77.0,890.0,650
1030,2015-09-09,1099,38,2,-78.0,891.0,650
1031,2015-09-10,1100,39,2,-79.0,890.0,650
1034,2015-09-11,1101,39,2,-80.0,891.0,650
1032,2015-09-12,1102,40,2,-84.0,892.0,650
1033,2015-09-13,1103,40,2,-81.0,893.0,650
1035,2015-09-14,1104,41,2,-79.0,893.0,650
1036,2015-09-15,1105,41,2,-78.0,892.0,650
1037,2015-09-16,1106,42,2,-82.0,893.0,650
1040,2015-09-17,1107,42,2,-79.0,893.0,650
1038,2015-09-18,1108,42,2,-78.0,895.0,650
1039,2015-09-19,1109,43,2,-82.0,895.0,650
1041,2015-09-20,1110,43,2,-81.0,895.0,650
1042,2015-09-21,1111,44,2,-79.0,896.0,650
1043,2015-09-22,1112,44,2,-80.0,895.0,650
1044,2015-09-23,1113,45,2,-79.0,895.0,650
1045,2015-09-24,1114,45,2,-79.0,896.0,650
1047,2015-09-25,1115,46,2,-80.0,897.0,650
1046,2015-09-26,1116,46,2,-79.0,898.0,650
1048,2015-09-27,1117,47,2,-79.0,898.0,650
1049,2015-09-28,1118,47,2,-80.0,898.0,650
1050,2015-09-29,1119,48,2,-81.0,899.0,650
1051,2015-09-30,1120,48,2,-80.0,900.0,650
1052,2015-10-01,1121,48,2,-81.0,901.0,650
1053,2015-10-02,1122,49,2,-79.0,901.0,650
1054,2015-10-03,1123,49,2,-79.0,900.0,650
1055,2015-10-04,1124,50,2,-80.0,900.0,650
1056,2015-10-06,1125,50,2,-79.0,900.0,650
1057,2015-10-07,1126,51,2,-79.0,901.0,650
1058,2015-10-08,1127,51,2,-80.0,901.0,650
1059,2015-10-09,1128,52,2,-79.0,902.0,650
1060,2015-10-10,1129,52,2,-80.0,902.0,650
1061,2015-10-11,1130,53,2,-81.0,902.0,650
1062,2015-10-12,1131,53,2,-81.0,902.0,650
1063,2015-10-13,1132,53,2,-82.0,902.0,650
1064,2015-10-14,1133,54,2,-82.0,902.0,650
1065,2015-10-15,1134,54,2,-80.0,902.0,650
1069,2015-10-16,1135,55,2,-81.0,901.0,650
1066,2015-10-17,1136,55,2,-82.0,901.0,650
1068,2015-10-18,1137,56,2,-81.0,901.0,650
1067,2015-10-19,1138,56,2,-82.0,901.0,650
1070,2015-10-20,1139,57,2,-80.0,901.0,650
1071,2015-10-21,1140,57,2,-81.0,901.0,650
1072,2015-10-22,1141,57,2,-82.0,902.0,650
1073,2015-10-23,1142,58,2,-82.0,902.0,650
1074,2015-10-24,1143,58,2,-82.0,901.0,650
1075,2015-10-25,1144,59,2,-82.0,902.0,650
1076,2015-10-26,1145,59,2,-82.0,903.0,650
1077,2015-10-27,1146,60,3,-82.0,902.0,650
1078,2015-10-28,1147,60,3,-80.0,901.0,650
1080,2015-10-29,1148,61,3,-80.0,901.0,650
1079,2015-10-30,1149,61,3,-81.0,902.0,650
1081,2015-10-31,1150,62,3,-82.0,902.0,650
1082,2015-11-01,1151,62,3,-82.0,901.0,650
1086,2015-11-02,1152,62,3,-80.0,901.0,650
1083,2015-11-03,1153,63,3,-82.0,900.0,650
1088,2015-11-04,1154,63,3,-84.0,900.0,650
1084,2015-11-05,1155,64,3,-84.0,900.0,650
1085,2015-11-06,1156,64,3,-84.0,900.0,650
1087,2015-11-07,1157,65,3,-82.0,900.0,650
1089,2015-11-08,1158,65,3,-82.0,898.0,650
1090,2015-11-09,1159,66,3,-82.0,898.0,650
1091,2015-11-10,1160,66,3,-80.0,899.0,650
1092,2015-11-12,1161,66,3,-83.0,898.0,650
1093,2015-11-13,1162,67,3,-84.0,897.0,650
1094,2015-11-14,1163,67,3,-86.0,896.0,650
1095,2015-11-15,1164,68,3,-86.0,896.0,650
1096,2015-11-16,1165,68,3,-84.0,897.0,650
1097,2015-11-17,1166,69,3,-84.0,895.0,650
1098,2015-11-18,1167,69,3,-84.0,894.0,650
1102,2015-11-19,1168,70,3,-84.0,894.0,650
1100,2015-11-20,1169,70,3,-89.0,894.0,650
1101,2015-11-21,1170,71,3,-85.0,893.0,650
1099,2015-11-22,1171,71,3,-87.0,892.0,650
1104,2015-11-23,1172,71,3,-87.0,892.0,650
1103,2015-11-24,1173,72,3,-87.0,892.0,650
1105,2015-11-25,1174,72,3,-85.0,891.0,650
1106,2015-11-26,1175,73,3,-85.0,890.0,650
1107,2015-11-27,1176,73,3,-84.0,890.0,650
1108,2015-11-28,1177,74,3,-84.0,888.0,650
1109,2015-11-29,1178,74,3,-86.0,888.0,650
1110,2015-11-30,1179,75,3,-85.0,887.0,650
1111,2015-12-01,1180,75,3,-86.0,886.0,650
1112,2015-12-02,1181,75,3,-86.0,885.0,650
1114,2015-12-03,1182,76,3,-85.0,884.0,650
1113,2015-12-04,1183,76,3,-86.0,883.0,650
1115,2015-12-05,1184,77,3,-85.0,882.0,650
1116,2015-12-06,1185,77,3,-84.0,881.0,650
1117,2015-12-07,1186,78,3,-86.0,881.0,650
1118,2015-12-08,1187,78,3,-84.0,881.0,650
1119,2015-12-09,1188,79,3,-90.0,881.0,650
1120,2015-12-10,1189,79,3,-87.0,879.0,650
1121,2015-12-11,1190,79,3,-87.0,877.0,650
1122,2015-12-12,1191,80,3,-87.0,876.0,650
1123,2015-12-13,1192,80,3,-86.0,876.0,650
1124,2015-12-14,1193,81,3,-84.0,875.0,650
1125,2015-12-15,1194,81,3,-84.0,873.0,650
1126,2015-12-16,1195,82,3,-86.0,872.0,650
1129,2015-12-17,1196,82,3,-86.0,871.0,650
1127,2015-12-18,1197,83,3,-85.0,869.0,650
1128,2015-12-20,1198,83,3,-86.0,868.0,650
1130,2015-12-21,1199,84,3,-86.0,868.0,650
1131,2015-12-22,1200,84,3,-84.0,866.0,650
1132,2015-12-23,1201,84,3,-85.0,866.0,650
1133,2015-12-24,1202,85,3,-85.0,864.0,650
1136,2015-12-25,1203,85,3,-85.0,863.0,650
1135,2015-12-26,1204,86,3,-84.0,862.0,650
1134,2015-12-27,1205,86,3,-86.0,861.0,650
1137,2015-12-28,1206,87,3,-85.0,859.0,650
1138,2015-12-29,1207,87,3,-85.0,858.0,650
1139,2015-12-30,1208,88,3,-85.0,857.0,650
1141,2015-12-31,1209,88,3,-85.0,855.0,650
1140,2016-01-01,1210,88,3,-85.0,854.0,650
1142,2016-01-02,1211,89,3,-83.0,853.0,650
1143,2016-01-03,1212,89,3,-86.0,851.0,650
1145,2016-01-04,1213,90,4,-84.0,851.0,650
1144,2016-01-05,1214,90,4,-85.0,849.0,650
1146,2016-01-06,1215,91,4,-85.0,848.0,650
1147,2016-01-07,1216,91,4,-86.0,847.0,650
1148,2016-01-08,1217,92,4,-88.0,846.0,650
1149,2016-01-09,1218,92,4,-86.0,845.0,650
1150,2016-01-10,1219,93,4,-87.0,844.0,650
1151,2016-01-11,1220,93,4,-87.0,842.0,650
1152,2016-01-12,1221,93,4,-87.0,841.0,650
1153,2016-01-13,1222,94,4,-87.0,840.0,650
1155,2016-01-14,1223,94,4,-88.0,839.0,650
1154,2016-01-15,1224,95,4,-88.0,837.0,650
1156,2016-01-16,1225,95,4,-87.0,836.0,650
1157,2016-01-17,1226,96,4,-87.0,835.0,650
1158,2016-01-18,1227,96,4,-88.0,833.0,650
1159,2016-01-19,1228,97,4,-88.0,832.0,650
1160,2016-01-20,1229,97,4,-88.0,831.0,650
1161,2016-01-21,1230,98,4,-88.0,830.0,650
1162,2016-01-22,1231,98,4,-88.0,828.0,650
1163,2016-01-23,1232,99,4,-88.0,827.0,650
1164,2016-01-24,1233,99,4,-88.0,826.0,650
1166,2016-01-26,1234,99,4,-88.0,824.0,650
1165,2016-01-27,1235,100,4,-88.0,824.0,650
1170,2016-01-28,1236,100,4,-87.0,822.0,650
1169,2016-01-29,1237,101,4,-88.0,820.0,650
1167,2016-01-30,1238,101,4,-87.0,819.0,650
1168,2016-01-31,1239,102,4,-89.0,818.0,650
1171,2016-02-01,1240,102,4,-87.0,816.0,650
1172,2016-02-02,1241,103,4,-87.0,816.0,650
1173,2016-02-03,1242,103,4,-87.0,815.0,650
1174,2016-02-04,1243,104,4,-86.0,814.0,650
1175,2016-02-05,1244,104,4,-85.0,812.0,650
1176,2016-02-06,1245,105,4,-86.0,811.0,650
1178,2016-02-07,1246,105,4,-85.0,810.0,650
1177,2016-02-08,1247,105,4,-85.0,809.0,650
1179,2016-02-09,1248,106,4,-86.0,807.0,650
1180,2016-02-10,1249,106,4,-85.0,806.0,650
1182,2016-02-11,1250,107,4,-85.0,804.0,650
1185,2016-02-12,1251,107,4,-85.0,803.0,650
1184,2016-02-13,1252,108,4,-85.0,802.0,650
1181,2016-02-14,1253,108,4,-85.0,800.0,650
1183,2016-02-15,1254,109,4,-84.0,799.0,650
1187,2016-02-16,1255,109,4,-84.0,798.0,650
1186,2016-02-17,1256,110,4,-84.0,797.0,650
1188,2016-02-18,1257,110,4,-84.0,794.0,650
1189,2016-02-19,1258,111,4,-83.0,794.0,650
1190,2016-02-20,1259,111,4,-84.0,794.0,650
1191,2016-02-21,1260,112,4,-83.0,792.0,650
1192,2016-02-22,1261,112,4,-81.0,790.0,650
1193,2016-02-23,1262,112,4,-81.0,790.0,650
1194,2016-02-24,1263,113,4,-84.0,788.0,650
1195,2016-02-25,1264,113,4,-84.0,787.0,650
1197,2016-02-26,1265,114,4,-81.0,787.0,650
1196,2016-02-27,1266,114,4,-82.0,787.0,650
1198,2016-02-28,1267,115,4,-83.0,786.0,650
1199,2016-02-29,1268,115,4,-83.0,784.0,650
1201,2016-03-01,1269,116,4,-83.0,782.0,650
1200,2016-03-03,1270,116,4,-82.0,782.0,650
1202,2016-03-04,1271,117,4,-84.0,781.0,650
1203,2016-03-05,1272,117,4,-81.0,780.0,650
1204,2016-03-06,1273,118,4,-79.0,778.0,650
1205,2016-03-07,1274,118,4,-82.0,777.0,650
1206,2016-03-08,1275,119,4,-82.0,775.0,650
1207,2016-03-09,1276,119,4,-83.0,774.0,650
1208,2016-03-10,1277,120,5,-84.0,774.0,650
1210,2016-03-11,1278,120,5,-83.0,773.0,650
1209,2016-03-12,1279,121,5,-83.0,772.0,650
1211,2016-03-13,1280,121,5,-84.0,771.0,650
1212,2016-03-14,1281,122,5,-83.0,769.0,650
1213,2016-03-15,1282,122,5,-81.0,768.0,650
1214,2016-03-16,1283,123,5,-82.0,767.0,650
1216,2016-03-17,1284,123,5,-80.0,767.0,650
1217,2016-03-18,1285,123,5,-80.0,766.0,650
1215,2016-03-19,1286,124,5,-80.0,765.0,650
1218,2016-03-20,1287,124,5,-80.0,764.0,650
1219,2016-03-21,1288,125,5,-80.0,763.0,650
1220,2016-03-24,1291,126,5,-80.0,760.0,650
1222,2016-03-25,1292,127,5,-81.0,760.0,650
1221,2016-03-26,1293,127,5,-81.0,758.0,650
1223,2016-03-27,1294,128,5,-79.0,758.0,650
1224,2016-03-28,1295,128,5,-79.0,757.0,650
1226,2016-03-29,1296,129,5,-79.0,756.0,650
1225,2016-03-30,1297,129,5,-80.0,755.0,650
1229,2016-03-31,1298,130,5,-79.0,755.0,650
1228,2016-04-01,1299,130,5,-80.0,753.0,650
1227,2016-04-02,1300,131,5,-79.0,752.0,650
1230,2016-04-03,1301,131,5,-78.0,752.0,650
1231,2016-04-04,1302,132,5,-80.0,751.0,650
1232,2016-04-05,1303,132,5,-78.0,751.0,650
1233,2016-04-06,1304,133,5,-80.0,750.0,650
1235,2016-04-07,1305,133,5,-80.0,749.0,650
1234,2016-04-08,1306,134,5,-79.0,748.0,650
1236,2016-04-10,1307,134,5,-80.0,748.0,650
1237,2016-04-11,1308,135,5,-81.0,748.0,650
1238,2016-04-12,1309,135,5,-81.0,747.0,650
1239,2016-04-13,1310,136,5,-76.0,745.0,650
1240,2016-04-14,1311,136,5,-78.0,745.0,650
1243,2016-04-15,1312,137,5,-77.0,745.0,650
1241,2016-04-16,1313,137,5,-77.0,745.0,650
1242,2016-04-17,1314,138,5,-78.0,744.0,650
1244,2016-04-18,1315,138,5,-77.0,744.0,650
1245,2016-04-19,1316,139,5,-80.0,744.0,650
1246,2016-04-20,1317,139,5,-80.0,743.0,650
1247,2016-04-21,1318,140,5,-80.0,743.0,650
1248,2016-04-22,1319,140,5,-78.0,742.0,650
1250,2016-04-23,1320,141,5,-77.0,741.0,650
1249,2016-04-24,1321,141,5,-77.0,740.0,650
1251,2016-04-25,1322,142,5,-78.0,740.0,650
1252,2016-04-26,1323,142,5,-77.0,738.0,650
1253,2016-04-27,1324,143,5,-78.0,738.0,650
1256,2016-04-28,1325,144,5,-78.0,738.0,650
1254,2016-04-29,1326,144,5,-77.0,738.0,650
1255,2016-04-30,1327,145,5,-76.0,736.0,650
1257,2016-05-01,1328,145,5,-77.0,735.0,650
1258,2016-05-02,1329,146,5,-74.0,735.0,650
1259,2016-05-03,1330,146,5,-78.0,734.0,650
1260,2016-05-04,1331,147,5,-76.0,734.0,650
1262,2016-05-05,1332,147,5,-78.0,734.0,650
1263,2016-05-06,1333,148,5,-76.0,733.0,650
1261,2016-05-07,1334,148,5,-77.0,732.0,650
1264,2016-05-08,1335,149,5,-77.0,732.0,650
1265,2016-05-09,1336,149,5,-75.0,732.0,650
1266,2016-05-10,1337,150,6,-76.0,734.0,650
1267,2016-05-11,1338,150,6,-75.0,734.0,650
1268,2016-05-12,1339,151,6,-77.0,733.0,650
1269,2016-05-13,1340,151,6,-76.0,734.0,650
1270,2016-05-14,1341,152,6,-76.0,735.0,650
1271,2016-05-15,1342,152,6,-80.0,735.0,650
1272,2016-05-17,1343,153,6,-74.0,735.0,650
1273,2016-05-18,1344,153,6,-75.0,734.0,650
1276,2016-05-19,1345,154,6,-75.0,735.0,650
1274,2016-05-20,1346,155,6,-75.0,737.0,1
1277,2016-05-21,1347,155,6,-75.0,736.0,617
1275,2016-05-22,1348,156,6,-76.0,735.0,617
1278,2016-05-23,1349,156,6,-73.0,737.0,617
1279,2016-05-24,1350,157,6,-73.0,738.0,617
1280,2016-05-25,1351,157,6,-72.0,739.0,617
1283,2016-05-26,1352,158,6,-73.0,736.0,617
1281,2016-05-27,1353,158,6,-76.0,737.0,617
1282,2016-05-28,1354,159,6,-75.0,739.0,617
1284,2016-05-29,1355,159,6,-75.0,740.0,617
1286,2016-05-30,1356,160,6,-74.0,739.0,617
1285,2016-05-31,1357,160,6,-72.0,738.0,617
1287,2016-06-01,1358,161,6,-74.0,738.0,617
1288,2016-06-02,1359,162,6,-76.0,739.0,617
1289,2016-06-03,1360,162,6,-76.0,739.0,617
1290,2016-06-04,1361,163,6,-75.0,739.0,617
1291,2016-06-05,1362,163,6,-74.0,739.0,617
1292,2016-06-06,1363,164,6,-75.0,740.0,617
1293,2016-06-07,1364,164,6,-74.0,740.0,617
1294,2016-06-08,1365,165,6,-74.0,739.0,617
1295,2016-06-09,1366,165,6,-75.0,740.0,617
1296,2016-06-10,1367,166,6,-74.0,743.0,617
1297,2016-06-11,1368,167,6,-74.0,743.0,617
1299,2016-06-12,1369,167,6,-73.0,742.0,617
1298,2016-06-13,1370,168,6,-74.0,744.0,617
1301,2016-06-14,1371,168,6,-75.0,746.0,617
1300,2016-06-15,1372,169,6,-74.0,745.0,617
1303,2016-06-16,1373,169,6,-74.0,746.0,617
1302,2016-06-17,1374,170,6,-75.0,748.0,617
1304,2016-06-18,1375,170,6,-73.0,749.0,617
1305,2016-06-19,1376,171,6,-75.0,749.0,617
1306,2016-06-20,1377,172,6,-76.0,749.0,617
1308,2016-06-21,1378,172,6,-76.0,751.0,617
1307,2016-06-23,1379,173,6,-77.0,751.0,617
1311,2016-06-24,1380,173,6,-74.0,751.0,617
1309,2016-06-25,1381,174,6,-73.0,751.0,617
1310,2016-06-26,1382,174,6,-76.0,752.0,617
1312,2016-06-27,1383,175,6,-73.0,752.0,617
1313,2016-06-28,1384,176,6,-74.0,753.0,617
1314,2016-06-29,1385,176,6,-75.0,755.0,617
1315,2016-06-30,1386,177,6,-74.0,755.0,617
1316,2016-07-01,1387,177,6,-74.0,755.0,617
1317,2016-07-02,1388,178,6,-73.0,756.0,617
1318,2016-07-12,1398,184,7,-66.0,751.0,617
1319,2016-07-13,1399,184,7,-73.0,770.0,617
1322,2016-07-14,1400,185,7,-73.0,770.0,617
1321,2016-07-15,1401,185,7,-73.0,770.0,617
1320,2016-07-16,1402,186,7,-75.0,771.0,617
1323,2016-07-17,1403,187,7,-75.0,771.0,617
1324,2016-07-18,1404,187,7,-75.0,774.0,617
1325,2016-07-19,1405,188,7,-75.0,775.0,617
1328,2016-07-20,1406,188,7,-76.0,775.0,617
1329,2016-07-21,1407,189,7,-74.0,779.0,617
1327,2016-07-22,1408,190,7,-75.0,779.0,617
1326,2016-07-23,1409,190,7,-74.0,781.0,617
1330,2016-07-24,1410,191,7,-72.0,782.0,617
1331,2016-07-25,1411,191,7,-72.0,782.0,617
1333,2016-07-26,1412,192,7,-78.0,784.0,617
1332,2016-07-27,1413,193,7,-72.0,784.0,617
1336,2016-07-28,1414,193,7,-73.0,785.0,617
1334,2016-07-29,1415,194,7,-72.0,787.0,617
1335,2016-07-31,1416,194,7,-72.0,791.0,617
1337,2016-08-01,1417,195,7,-70.0,791.0,617
1338,2016-08-02,1418,196,7,-73.0,793.0,617
1339,2016-08-03,1419,196,7,-73.0,793.0,617
1340,2016-08-04,1420,197,7,-71.0,793.0,617
1343,2016-08-05,1421,197,7,-72.0,797.0,617
1342,2016-08-06,1422,198,7,-72.0,798.0,617
1341,2016-08-07,1423,199,7,-71.0,800.0,617
1344,2016-08-08,1424,199,7,-72.0,803.0,617
1345,2016-08-09,1425,200,7,-72.0,804.0,617
1346,2016-08-10,1426,200,7,-71.0,803.0,617
1347,2016-08-11,1427,201,7,-72.0,807.0,617
1348,2016-08-12,1428,202,7,-72.0,808.0,617
1349,2016-08-13,1429,202,7,-70.0,810.0,617
1351,2016-08-14,1430,203,7,-69.0,810.0,617
1350,2016-08-15,1431,204,7,-69.0,811.0,617
1352,2016-08-16,1432,204,7,-71.0,813.0,617
1353,2016-08-17,1433,205,7,-70.0,818.0,617
1356,2016-08-18,1434,205,7,-70.0,818.0,617
1355,2016-08-19,1435,206,7,-71.0,823.0,617
1354,2016-08-20,1436,207,7,-72.0,825.0,617
1357,2016-08-21,1437,207,7,-71.0,821.0,617
1358,2016-08-22,1438,208,7,-68.0,823.0,617
1360,2016-08-23,1439,208,7,-71.0,828.0,617
1359,2016-08-24,1440,209,7,-70.0,828.0,617
1361,2016-08-25,1441,210,8,-74.0,828.0,617
1362,2016-08-26,1442,210,8,-68.0,829.0,617
1363,2016-08-27,1443,211,8,-69.0,831.0,617
1364,2016-08-28,1444,212,8,-69.0,833.0,617
1365,2016-08-29,1445,212,8,-69.0,836.0,617
1366,2016-08-30,1446,213,8,-70.0,841.0,617
1367,2016-08-31,1447,214,8,-74.0,841.0,617
1369,2016-09-01,1448,214,8,-69.0,841.0,617
1368,2016-09-02,1449,215,8,-71.0,841.0,617
1370,2016-09-03,1450,215,8,-69.0,842.0,617
1371,2016-09-04,1451,216,8,-71.0,842.0,617
1373,2016-09-06,1452,217,8,-74.0,845.0,617
1372,2016-09-07,1453,217,8,-73.0,850.0,617
1374,2016-09-08,1454,218,8,-69.0,854.0,617
1377,2016-09-09,1455,219,8,-70.0,858.0,617
1376,2016-09-10,1456,219,8,-69.0,859.0,617
1375,2016-09-11,1457,220,8,-69.0,860.0,617
1378,2016-09-12,1458,220,8,-69.0,859.0,617
1379,2016-09-13,1459,221,8,-71.0,861.0,617
1380,2016-09-14,1460,222,8,-70.0,865.0,617
1382,2016-09-15,1461,222,8,-69.0,870.0,617
1381,2016-09-16,1462,223,8,-68.0,871.0,617
1383,2016-09-17,1463,224,8,-68.0,871.0,617
1384,2016-09-18,1464,224,8,-71.0,871.0,617
1385,2016-09-19,1465,225,8,-68.0,870.0,617
1386,2016-09-20,1466,226,8,-67.0,873.0,617
1387,2016-09-21,1467,226,8,-69.0,877.0,617
1388,2016-09-22,1468,227,8,-70.0,879.0,617
1389,2016-09-23,1469,228,8,-72.0,881.0,617
1391,2016-09-24,1470,228,8,-70.0,879.0,617
1392,2016-09-25,1471,229,8,-71.0,880.0,617
1390,2016-09-26,1472,229,8,-68.0,879.0,617
1393,2016-09-27,1473,230,8,-67.0,881.0,617
1394,2016-09-28,1474,231,8,-68.0,889.0,617
1396,2016-09-29,1475,231,8,-72.0,890.0,617
1395,2016-09-30,1476,232,8,-69.0,888.0,617
1397,2016-10-01,1477,233,8,-72.0,888.0,617
1399,2016-10-02,1478,233,8,-68.0,887.0,617
1398,2016-10-03,1479,234,8,-66.0,890.0,617
1400,2016-10-04,1480,235,8,-68.0,893.0,617
1401,2016-10-05,1481,235,8,-70.0,893.0,617
1403,2016-10-06,1482,236,8,-68.0,893.0,617
1402,2016-10-07,1483,237,8,-68.0,892.0,617
1404,2016-10-08,1484,237,8,-68.0,895.0,617
1405,2016-10-09,1485,238,8,-71.0,899.0,617
1406,2016-10-10,1486,239,8,-71.0,901.0,617
1407,2016-10-11,1487,239,8,-68.0,901.0,617
1408,2016-10-12,1488,240,9,-69.0,902.0,617
1410,2016-10-14,1489,240,9,-68.0,903.0,617
1411,2016-10-15,1490,241,9,-66.0,904.0,617
1409,2016-10-16,1491,242,9,-69.0,906.0,617
1412,2016-10-17,1492,242,9,-68.0,910.0,617
1413,2016-10-18,1493,243,9,-70.0,905.0,617
1414,2016-10-19,1494,244,9,-70.0,904.0,617
1416,2016-10-20,1495,244,9,-71.0,903.0,617
1415,2016-10-21,1496,245,9,-72.0,906.0,617
1417,2016-10-22,1497,246,9,-68.0,909.0,617
1418,2016-10-23,1498,246,9,-68.0,907.0,617
1419,2016-10-24,1499,247,9,-69.0,903.0,617
1420,2016-10-25,1500,248,9,-70.0,903.0,617
1421,2016-10-26,1501,248,9,-69.0,903.0,617
1422,2016-10-27,1502,249,9,-69.0,907.0,617
1424,2016-10-28,1503,250,9,-70.0,909.0,617
1423,2016-10-29,1504,250,9,-69.0,910.0,617
1425,2016-10-30,1505,251,9,-69.0,906.0,617
1426,2016-10-31,1506,252,9,-71.0,907.0,617
1427,2016-11-01,1507,252,9,-70.0,907.0,617
1428,2016-11-02,1508,253,9,-70.0,907.0,617
1430,2016-11-03,1509,254,9,-70.0,910.0,617
1431,2016-11-04,1510,254,9,-70.0,908.0,617
1429,2016-11-05,1511,255,9,-77.0,908.0,617
1432,2016-11-06,1512,255,9,-78.0,906.0,617
1433,2016-11-07,1513,256,9,-74.0,907.0,617
1434,2016-11-08,1514,257,9,-73.0,906.0,617
1435,2016-11-09,1515,257,9,-76.0,906.0,617
1436,2016-11-10,1516,258,9,-71.0,909.0,617
1437,2016-11-11,1517,259,9,-76.0,911.0,617
1438,2016-11-12,1518,259,9,-78.0,909.0,617
1440,2016-11-13,1519,260,9,-72.0,906.0,617
1439,2016-11-14,1520,261,9,-73.0,905.0,617
1441,2016-11-15,1521,261,9,-71.0,905.0,617
1442,2016-11-16,1522,262,9,-71.0,905.0,617
1443,2016-11-17,1523,263,9,-77.0,905.0,617
1444,2016-11-18,1524,263,9,-76.0,904.0,617
1445,2016-11-20,1525,264,9,-74.0,902.0,617
1446,2016-11-21,1526,265,9,-72.0,900.0,617
1449,2016-11-22,1527,265,9,-71.0,900.0,617
1450,2016-11-23,1528,266,9,-72.0,898.0,617
1451,2016-11-24,1529,267,9,-73.0,900.0,617
1452,2016-11-25,1530,267,9,-71.0,899.0,617
1447,2016-11-26,1531,268,9,-76.0,900.0,617
1448,2016-11-27,1532,268,9,-72.0,900.0,617
1453,2016-11-28,1533,269,9,-72.0,896.0,617
1454,2016-11-29,1534,270,10,-73.0,898.0,617
1455,2016-11-30,1535,270,10,-73.0,900.0,617
1456,2016-12-01,1536,271,10,-71.0,901.0,617
1458,2016-12-02,1537,272,10,-74.0,900.0,617
1457,2016-12-03,1538,272,10,-73.0,898.0,617
1459,2016-12-04,1539,273,10,-74.0,896.0,617
1460,2016-12-05,1540,274,10,-72.0,896.0,617
1461,2016-12-06,1541,274,10,-76.0,895.0,617
1462,2016-12-07,1542,275,10,-73.0,895.0,617
1464,2016-12-08,1543,276,10,-74.0,896.0,617
1463,2016-12-09,1544,276,10,-71.0,894.0,617
1465,2016-12-10,1545,277,10,-73.0,891.0,617
1467,2016-12-11,1546,277,10,-73.0,889.0,617
1466,2016-12-12,1547,278,10,-75.0,887.0,617
1468,2016-12-13,1548,279,10,-76.0,887.0,617
1469,2016-12-14,1549,279,10,-76.0,887.0,617
1472,2016-12-15,1550,280,10,-71.0,888.0,617
1471,2016-12-16,1551,281,10,-71.0,886.0,617
1470,2016-12-17,1552,281,10,-74.0,886.0,617
1474,2016-12-18,1553,282,10,-77.0,884.0,617
1473,2016-12-19,1554,283,10,-70.0,882.0,617
1477,2016-12-20,1555,283,10,-71.0,883.0,617
1478,2016-12-21,1556,284,10,-72.0,883.0,617
1475,2016-12-22,1557,284,10,-70.0,883.0,617
1476,2016-12-23,1558,285,10,-72.0,880.0,617
1484,2016-12-24,1559,286,10,-76.0,879.0,617
1482,2016-12-25,1560,286,10,-76.0,877.0,617
1485,2016-12-27,1561,287,10,-77.0,877.0,617
1479,2016-12-28,1562,288,10,-73.0,877.0,617
1483,2016-12-29,1563,288,10,-75.0,879.0,617
1481,2016-12-30,1564,289,10,-70.0,877.0,617
1480,2016-12-31,1565,290,10,-72.0,874.0,617
1487,2017-01-01,1566,290,10,-76.0,876.0,617
1486,2017-01-02,1567,291,10,-70.0,872.0,617
1488,2017-01-03,1568,291,10,-71.0,876.0,617
1492,2017-01-04,1569,292,10,-70.0,873.0,617
1491,2017-01-05,1570,293,10,-71.0,873.0,617
1490,2017-01-06,1571,293,10,-70.0,873.0,617
1489,2017-01-07,1572,294,10,-81.0,869.0,617
1493,2017-01-08,1573,295,10,-74.0,872.0,617
1495,2017-01-09,1574,295,10,-72.0,868.0,617
1494,2017-01-10,1575,296,10,-73.0,871.0,617
1496,2017-01-11,1576,296,10,-72.0,869.0,617
1498,2017-01-12,1577,297,10,-72.0,866.0,617
1499,2017-01-13,1578,298,10,-74.0,868.0,617
1500,2017-01-14,1579,298,10,-73.0,862.0,617
1497,2017-01-15,1580,299,10,-72.0,867.0,617
1501,2017-01-16,1581,299,10,-72.0,862.0,617
1503,2017-01-17,1582,300,11,-74.0,862.0,617
1502,2017-01-18,1583,301,11,-75.0,862.0,617
1505,2017-01-19,1584,301,11,-77.0,860.0,617
1506,2017-01-20,1585,302,11,-76.0,864.0,617
1504,2017-01-21,1586,303,11,-72.0,858.0,617
1508,2017-01-22,1587,303,11,-73.0,860.0,617
1507,2017-01-23,1588,304,11,-72.0,858.0,617
1510,2017-01-24,1589,304,11,-72.0,857.0,617
1509,2017-01-25,1590,305,11,-76.0,860.0,617
1512,2017-01-26,1591,306,11,-73.0,852.0,617
1511,2017-01-27,1592,306,11,-71.0,857.0,617
1513,2017-01-28,1593,307,11,-72.0,852.0,617
1514,2017-01-29,1594,307,11,-74.0,855.0,617
1515,2017-01-30,1595,308,11,-71.0,855.0,617
1516,2017-01-31,1596,309,11,-74.0,850.0,617
1517,2017-02-01,1597,309,11,-73.0,855.0,617
1519,2017-02-03,1598,310,11,-70.0,849.0,617
1518,2017-02-04,1599,310,11,-72.0,853.0,617
1520,2017-02-05,1600,311,11,-71.0,850.0,617
1522,2017-02-06,1601,312,11,-71.0,853.0,617
1521,2017-02-07,1602,312,11,-77.0,852.0,617
1523,2017-02-08,1603,313,11,-76.0,847.0,617
1524,2017-02-09,1604,313,11,-77.0,850.0,617
1526,2017-02-10,1605,314,11,-73.0,846.0,617
1525,2017-02-11,1606,315,11,-75.0,850.0,617
1528,2017-02-12,1607,315,11,-77.0,846.0,617
1527,2017-02-13,1608,316,11,-72.0,847.0,617
1529,2017-02-14,1609,316,11,-71.0,847.0,617
1534,2017-02-18,1613,319,11,-72.0,846.0,617
1533,2017-02-19,1614,319,11,-73.0,837.0,617
1536,2017-02-20,1615,320,11,-73.0,842.0,617
1535,2017-02-21,1616,320,11,-73.0,848.0,617
1537,2017-02-22,1617,321,11,-72.0,840.0,617
1540,2017-02-23,1618,322,11,-71.0,845.0,617
1538,2017-02-24,1619,322,11,-73.0,841.0,617
1539,2017-02-25,1620,323,11,-70.0,844.0,617
1541,2017-02-26,1621,323,11,-73.0,842.0,617
1542,2017-02-27,1622,324,11,-71.0,841.0,617
1544,2017-02-28,1623,324,11,-71.0,840.0,617
1543,2017-03-01,1624,325,11,-72.0,837.0,617
1546,2017-03-02,1625,326,11,-71.0,839.0,617
1545,2017-03-03,1626,326,11,-71.0,839.0,617
1547,2017-03-04,1627,327,11,-72.0,838.0,617
1549,2017-03-05,1628,327,11,-71.0,839.0,617
1548,2017-03-06,1629,328,11,-74.0,837.0,617
1551,2017-03-07,1630,328,11,-77.0,838.0,617
1550,2017-03-08,1631,329,11,-77.0,837.0,617
1552,2017-03-09,1632,330,12,-72.0,836.0,617
1554,2017-03-10,1633,330,12,-75.0,834.0,617
1553,2017-03-12,1634,331,12,-72.0,834.0,617
1555,2017-03-13,1635,331,12,-73.0,833.0,617
1556,2017-03-14,1636,332,12,-72.0,834.0,617
1557,2017-03-15,1637,332,12,-73.0,833.0,617
1559,2017-03-16,1638,333,12,-73.0,833.0,617
1558,2017-03-17,1639,334,12,-71.0,832.0,617
1561,2017-03-18,1640,334,12,-72.0,832.0,617
1560,2017-03-19,1641,335,12,-72.0,831.0,617
1564,2017-03-20,1642,335,12,-72.0,829.0,617
1563,2017-03-21,1643,336,12,-74.0,832.0,617
1562,2017-03-22,1644,336,12,-74.0,832.0,617
1567,2017-03-23,1645,337,12,-74.0,832.0,617
1565,2017-03-24,1646,337,12,-74.0,831.0,617
1566,2017-03-25,1647,338,12,-73.0,831.0,617
1568,2017-03-26,1648,339,12,-73.0,830.0,617
1569,2017-03-27,1649,339,12,-74.0,830.0,617
1570,2017-03-28,1650,340,12,-75.0,833.0,617
1571,2017-03-29,1651,340,12,-77.0,833.0,617
1572,2017-03-30,1652,341,12,-76.0,834.0,617
1573,2017-03-31,1653,341,12,-75.0,833.0,617
1575,2017-04-01,1654,342,12,-75.0,829.0,617
1574,2017-04-02,1655,342,12,-76.0,831.0,617
1576,2017-04-03,1656,343,12,-75.0,832.0,617
1578,2017-04-04,1657,343,12,-75.0,836.0,617
1577,2017-04-05,1658,344,12,-77.0,835.0,617
1579,2017-04-06,1659,345,12,-77.0,832.0,617
1581,2017-04-07,1660,345,12,-74.0,832.0,617
1580,2017-04-08,1661,346,12,-75.0,831.0,617
1583,2017-04-09,1662,346,12,-75.0,831.0,617
1584,2017-04-10,1663,347,12,-74.0,832.0,617
1586,2017-04-11,1664,347,12,-74.0,832.0,617
1585,2017-04-12,1665,348,12,-76.0,833.0,617
1582,2017-04-13,1666,348,12,-76.0,834.0,617
1588,2017-04-14,1667,349,12,-76.0,833.0,617
1587,2017-04-15,1668,349,12,-77.0,831.0,617
1589,2017-04-16,1669,350,12,-74.0,833.0,617
1590,2017-04-18,1670,350,12,-76.0,834.0,617
1591,2017-04-19,1671,351,12,-76.0,832.0,617
1592,2017-04-20,1672,351,12,-74.0,833.0,617
1594,2017-04-21,1673,352,12,-75.0,836.0,617
1593,2017-04-22,1674,352,12,-75.0,835.0,617
1595,2017-04-23,1675,353,12,-75.0,835.0,617
1596,2017-04-24,1676,354,12,-76.0,837.0,617
1597,2017-04-25,1677,354,12,-74.0,835.0,617
1598,2017-04-26,1678,355,12,-74.0,836.0,617
1599,2017-04-27,1679,355,12,-75.0,836.0,617
1601,2017-04-28,1680,356,12,-74.0,835.0,617
1602,2017-04-29,1681,356,12,-74.0,837.0,617
1603,2017-04-30,1682,357,12,-76.0,839.0,617
1600,2017-05-01,1683,357,12,-75.0,837.0,617
1604,2017-05-02,1684,358,12,-75.0,837.0,617
1605,2017-05-03,1685,358,12,-77.0,838.0,617
1607,2017-05-04,1686,359,12,-75.0,838.0,617
1608,2017-05-05,1687,359,12,-75.0,838.0,617
1606,2017-05-06,1688,0,1,-76.0,840.0,617
1610,2017-05-07,1689,0,1,-75.0,840.0,617
1609,2017-05-08,1690,1,1,-76.0,840.0,617
1614,2017-05-10,1692,2,1,-62.0,820.0,617
1612,2017-05-11,1693,2,1,-76.0,840.0,617
1613,2017-05-12,1694,3,1,-76.0,840.0,617
1611,2017-05-13,1695,3,1,-77.0,840.0,617
1615,2017-05-14,1696,4,1,-75.0,841.0,617
1616,2017-05-15,1697,4,1,-77.0,841.0,617
1618,2017-05-16,1698,5,1,-77.0,842.0,617
1617,2017-05-17,1699,5,1,-76.0,843.0,617
1619,2017-05-18,1700,6,1,-76.0,842.0,617
1620,2017-05-19,1701,6,1,-76.0,841.0,617
1621,2017-05-20,1702,7,1,-75.0,842.0,617
1622,2017-05-21,1703,7,1,-76.0,843.0,617
1625,2017-05-22,1704,8,1,-77.0,844.0,617
1623,2017-05-23,1705,8,1,-76.0,845.0,617
1624,2017-05-24,1706,9,1,-77.0,845.0,617
1627,2017-05-26,1707,9,1,-77.0,846.0,617
1626,2017-05-27,1708,10,1,-76.0,846.0,617
1628,2017-05-28,1709,10,1,-76.0,847.0,617
1629,2017-05-29,1710,11,1,-76.0,848.0,617
1631,2017-05-30,1711,11,1,-75.0,848.0,617
1630,2017-05-31,1712,12,1,-77.0,849.0,617
1635,2017-06-01,1713,12,1,-75.0,850.0,617
1633,2017-06-02,1714,13,1,-77.0,849.0,617
1634,2017-06-03,1715,13,1,-77.0,851.0,617
1632,2017-06-04,1716,14,1,-76.0,850.0,617
1636,2017-06-05,1717,14,1,-76.0,851.0,617
1637,2017-06-06,1718,15,1,-77.0,852.0,617
1639,2017-06-07,1719,15,1,-77.0,853.0,617
1638,2017-06-08,1720,16,1,-76.0,853.0,617
1641,2017-06-09,1721,16,1,-76.0,852.0,617
1640,2017-06-10,1722,17,1,-77.0,854.0,617
1642,2017-06-11,1723,17,1,-76.0,854.0,617
1643,2017-06-12,1724,18,1,-77.0,856.0,617
1644,2017-06-13,1725,18,1,-79.0,857.0,617
1645,2017-06-14,1726,19,1,-76.0,855.0,617
1647,2017-06-15,1727,19,1,-75.0,855.0,617
1648,2017-06-16,1728,20,1,-76.0,855.0,617
1646,2017-06-17,1729,20,1,-76.0,858.0,617
1650,2017-06-18,1730,21,1,-77.0,858.0,617
1649,2017-06-19,1731,21,1,-78.0,857.0,617
1651,2017-06-20,1732,22,1,-78.0,858.0,617
1652,2017-06-21,1733,22,1,-77.0,859.0,617
1655,2017-06-22,1734,23,1,-78.0,859.0,617
1653,2017-06-23,1735,23,1,-78.0,861.0,617
1654,2017-06-24,1736,23,1,-77.0,860.0,617
1656,2017-06-25,1737,24,1,-78.0,861.0,617
1657,2017-06-26,1738,24,1,-78.0,861.0,617
1658,2017-06-27,1739,25,1,-77.0,861.0,617
1662,2017-06-28,1740,25,1,-78.0,861.0,617
1659,2017-06-29,1741,26,1,-78.0,863.0,617
1661,2017-06-30,1742,26,1,-77.0,865.0,617
1660,2017-07-02,1743,27,1,-78.0,863.0,617
1663,2017-07-03,1744,27,1,-78.0,863.0,617
1664,2017-07-04,1745,28,1,-78.0,865.0,617
1665,2017-07-05,1746,28,1,-76.0,866.0,617
1666,2017-07-06,1747,29,1,-79.0,866.0,617
1668,2017-07-07,1748,29,1,-79.0,867.0,617
1667,2017-07-08,1749,30,2,-76.0,867.0,617
1669,2017-07-09,1750,30,2,-77.0,867.0,617
1670,2017-07-10,1751,31,2,-78.0,867.0,617
1671,2017-07-11,1752,31,2,-80.0,867.0,617
1672,2017-07-12,1753,32,2,-76.0,868.0,617
1673,2017-07-13,1754,32,2,-78.0,870.0,617
1674,2017-07-14,1755,32,2,-77.0,870.0,617
1675,2017-07-15,1756,33,2,-78.0,871.0,617
1676,2017-07-16,1757,33,2,-78.0,871.0,617
1677,2017-07-17,1758,34,2,-78.0,871.0,617
1678,2017-07-18,1759,34,2,-77.0,871.0,617
1679,2017-07-19,1760,35,2,-78.0,872.0,617
1684,2017-07-20,1761,35,2,-77.0,872.0,617
1687,2017-07-21,1762,36,2,-77.0,872.0,617
1680,2017-07-22,1763,36,2,-78.0,873.0,617
1682,2017-07-23,1764,37,2,-79.0,872.0,617
1690,2017-07-24,1765,37,2,-77.0,873.0,617
1688,2017-07-25,1766,38,2,-79.0,873.0,617
1691,2017-07-26,1767,38,2,-77.0,874.0,617
1683,2017-07-27,1768,39,2,-78.0,875.0,617
1689,2017-07-28,1769,39,2,-76.0,875.0,617
1686,2017-07-29,1770,39,2,-79.0,875.0,617
1692,2017-07-30,1771,40,2,-79.0,876.0,617
1681,2017-07-31,1772,40,2,-78.0,876.0,617
1685,2017-08-01,1773,41,2,-78.0,876.0,617
1693,2017-08-02,1774,41,2,-79.0,877.0,617
1694,2017-08-03,1775,42,2,-80.0,877.0,617
1696,2017-08-04,1776,42,2,-79.0,877.0,617
1695,2017-08-05,1777,43,2,-79.0,877.0,617
1697,2017-08-06,1778,43,2,-81.0,877.0,617
1698,2017-08-07,1779,44,2,-78.0,878.0,617
1699,2017-08-09,1780,44,2,-77.0,879.0,617
1700,2017-08-10,1781,45,2,-78.0,879.0,617
1701,2017-08-11,1782,45,2,-78.0,878.0,617
1703,2017-08-12,1783,45,2,-79.0,879.0,617
1702,2017-08-13,1784,46,2,-80.0,883.0,617
1704,2017-08-14,1785,46,2,-77.0,881.0,617
1705,2017-08-16,1787,47,2,-79.0,881.0,617
1706,2017-08-17,1788,48,2,-79.0,881.0,617
1708,2017-08-18,1789,48,2,-79.0,881.0,617
1707,2017-08-19,1790,49,2,-81.0,882.0,617
1709,2017-08-20,1791,49,2,-79.0,882.0,617
1710,2017-08-21,1792,50,2,-80.0,883.0,617
1711,2017-08-22,1793,50,2,-80.0,883.0,617
1712,2017-08-23,1794,50,2,-80.0,883.0,617
1714,2017-08-24,1795,51,2,-81.0,882.0,617
1715,2017-08-25,1796,51,2,-80.0,883.0,617
1713,2017-08-26,1797,52,2,-79.0,884.0,617
1716,2017-08-27,1798,52,2,-79.0,883.0,617
1717,2017-08-28,1799,53,2,-78.0,883.0,617
1718,2017-08-29,1800,53,2,-80.0,883.0,617
1719,2017-08-30,1801,54,2,-80.0,882.0,617
1722,2017-08-31,1802,54,2,-79.0,882.0,617
1723,2017-09-01,1803,55,2,-78.0,882.0,617
1720,2017-09-02,1804,55,2,-78.0,883.0,617
1721,2017-09-03,1805,55,2,-78.0,883.0,617
1724,2017-09-04,1806,56,2,-80.0,884.0,617
1725,2017-09-05,1807,56,2,-78.0,884.0,617
1726,2017-09-06,1808,57,2,-79.0,884.0,617
1728,2017-09-07,1809,57,2,-80.0,884.0,617
1729,2017-09-08,1810,58,2,-78.0,883.0,617
1727,2017-09-09,1811,58,2,-79.0,882.0,617
1730,2017-09-10,1812,59,2,-79.0,882.0,617
1731,2017-09-11,1813,59,2,-80.0,881.0,617
1732,2017-09-12,1814,59,2,-80.0,881.0,617
1733,2017-09-13,1815,60,3,-81.0,881.0,617
1734,2017-09-15,1816,60,3,-82.0,882.0,617
1735,2017-09-16,1817,61,3,-80.0,882.0,617
1736,2017-09-17,1818,61,3,-81.0,881.0,617
1737,2017-09-18,1819,62,3,-82.0,880.0,617
1738,2017-09-19,1820,62,3,-79.0,881.0,617
1740,2017-09-20,1821,63,3,-81.0,882.0,617
1739,2017-09-21,1822,63,3,-78.0,881.0,617
1743,2017-09-22,1823,64,3,-80.0,879.0,617
1742,2017-09-23,1824,64,3,-80.0,879.0,617
1741,2017-09-24,1825,64,3,-80.0,878.0,617
1744,2017-09-25,1826,65,3,-80.0,878.0,617
1745,2017-09-26,1827,65,3,-80.0,879.0,617
1746,2017-09-27,1828,66,3,-80.0,878.0,617
1749,2017-09-28,1829,66,3,-78.0,877.0,617
1748,2017-09-29,1830,67,3,-80.0,877.0,617
1747,2017-09-30,1831,67,3,-80.0,876.0,617
1750,2017-10-01,1832,68,3,-84.0,875.0,617
1751,2017-10-02,1833,68,3,-81.0,875.0,617
1752,2017-10-03,1834,68,3,-80.0,875.0,617
1753,2017-10-04,1835,69,3,-80.0,873.0,617
1755,2017-10-05,1836,69,3,-81.0,873.0,617
1756,2017-10-06,1837,70,3,-81.0,872.0,617
1754,2017-10-07,1838,70,3,-79.0,872.0,617
1757,2017-10-08,1839,71,3,-80.0,872.0,617
1758,2017-10-09,1840,71,3,-77.0,871.0,617
1759,2017-10-10,1841,72,3,-77.0,870.0,617
1761,2017-10-11,1842,72,3,-79.0,869.0,617
1760,2017-10-12,1843,72,3,-80.0,869.0,617
1762,2017-10-13,1844,73,3,-81.0,869.0,617
1763,2017-10-14,1845,73,3,-80.0,868.0,617
1765,2017-10-15,1846,74,3,-80.0,868.0,617
1764,2017-10-16,1847,74,3,-80.0,866.0,617
1766,2017-10-17,1848,75,3,-80.0,865.0,617
1770,2017-10-18,1849,75,3,-80.0,864.0,617
1768,2017-10-19,1850,76,3,-80.0,864.0,617
1767,2017-10-20,1851,76,3,-87.0,864.0,617
1769,2017-10-22,1852,77,3,-80.0,863.0,617
1771,2017-10-23,1853,77,3,-80.0,862.0,617
1772,2017-10-24,1854,77,3,-80.0,861.0,617
1773,2017-10-25,1855,78,3,-78.0,861.0,617
1774,2017-10-26,1856,78,3,-80.0,859.0,617
1776,2017-10-27,1857,79,3,-80.0,858.0,617
1775,2017-10-28,1858,79,3,-81.0,857.0,617
1779,2017-10-29,1859,80,3,-79.0,857.0,617
1778,2017-10-30,1860,80,3,-80.0,857.0,617
1780,2017-10-31,1861,81,3,-79.0,855.0,617
1777,2017-11-01,1862,81,3,-81.0,854.0,617
1781,2017-11-02,1863,81,3,-80.0,853.0,617
1782,2017-11-03,1864,82,3,-82.0,852.0,617
1783,2017-11-04,1865,82,3,-80.0,852.0,617
1785,2017-11-05,1866,83,3,-80.0,850.0,617
1784,2017-11-06,1867,83,3,-78.0,848.0,617
1786,2017-11-07,1868,84,3,-80.0,848.0,617
1787,2017-11-08,1869,84,3,-81.0,846.0,617
1788,2017-11-09,1870,85,3,-81.0,845.0,617
1789,2017-11-10,1871,85,3,-80.0,844.0,617
1791,2017-11-11,1872,86,3,-79.0,843.0,617
1790,2017-11-12,1873,86,3,-79.0,842.0,617
1792,2017-11-13,1874,86,3,-80.0,840.0,617
1793,2017-11-14,1875,87,3,-79.0,839.0,617
1794,2017-11-15,1876,87,3,-79.0,838.0,617
1797,2017-11-16,1877,88,3,-79.0,837.0,617
1795,2017-11-17,1878,88,3,-79.0,835.0,617
1796,2017-11-18,1879,89,3,-79.0,834.0,617
1798,2017-11-19,1880,89,3,-79.0,833.0,617
1803,2017-11-20,1881,90,4,-79.0,832.0,617
1801,2017-11-21,1882,90,4,-78.0,831.0,617
1800,2017-11-22,1883,91,4,-78.0,830.0,617
1799,2017-11-23,1884,91,4,-79.0,829.0,617
1804,2017-11-24,1885,91,4,-79.0,827.0,617
1805,2017-11-25,1886,92,4,-79.0,826.0,617
1802,2017-11-26,1887,92,4,-79.0,824.0,617
1807,2017-11-27,1888,93,4,-79.0,823.0,617
1806,2017-11-29,1889,93,4,-80.0,822.0,617
1808,2017-11-30,1890,94,4,-79.0,821.0,617
1810,2017-12-01,1891,94,4,-80.0,819.0,617
1809,2017-12-02,1892,95,4,-81.0,817.0,617
1812,2017-12-03,1893,95,4,-79.0,816.0,617
1811,2017-12-04,1894,96,4,-79.0,815.0,617
1814,2017-12-05,1895,96,4,-78.0,814.0,617
1813,2017-12-06,1896,96,4,-79.0,812.0,617
1817,2017-12-07,1897,97,4,-80.0,811.0,617
1816,2017-12-08,1898,97,4,-81.0,810.0,617
1815,2017-12-09,1899,98,4,-81.0,808.0,617
1818,2017-12-10,1900,98,4,-81.0,807.0,617
1819,2017-12-11,1901,99,4,-81.0,806.0,617
1820,2017-12-12,1902,99,4,-79.0,804.0,617
1821,2017-12-13,1903,100,4,-78.0,803.0,617
1822,2017-12-14,1904,100,4,-79.0,801.0,617
1823,2017-12-15,1905,101,4,-80.0,800.0,617
1824,2017-12-16,1906,101,4,-79.0,799.0,617
1825,2017-12-17,1907,101,4,-79.0,798.0,617
1826,2017-12-18,1908,102,4,-79.0,796.0,617
1827,2017-12-19,1909,102,4,-80.0,795.0,617
1828,2017-12-20,1910,103,4,-80.0,794.0,617
1833,2017-12-21,1911,103,4,-79.0,792.0,617
1832,2017-12-22,1912,104,4,-80.0,791.0,617
1830,2017-12-23,1913,104,4,-79.0,791.0,617
1834,2017-12-24,1914,105,4,-78.0,790.0,617
1835,2017-12-25,1915,105,4,-78.0,788.0,617
1829,2017-12-26,1916,106,4,-79.0,787.0,617
1831,2017-12-27,1917,106,4,-80.0,786.0,617
1839,2017-12-28,1918,107,4,-77.0,784.0,617
1836,2017-12-29,1919,107,4,-77.0,783.0,617
1837,2017-12-30,1920,108,4,-77.0,782.0,617
1838,2017-12-31,1921,108,4,-78.0,781.0,617
1840,2018-01-01,1922,108,4,-79.0,780.0,617
1842,2018-01-02,1923,109,4,-77.0,778.0,617
1841,2018-01-03,1924,109,4,-78.0,777.0,617
1844,2018-01-05,1925,110,4,-79.0,777.0,617
1843,2018-01-06,1926,110,4,-80.0,775.0,617
1845,2018-01-07,1927,111,4,-79.0,774.0,617
1847,2018-01-08,1928,111,4,-78.0,773.0,617
1846,2018-01-09,1929,112,4,-79.0,771.0,617
1848,2018-01-10,1930,112,4,-79.0,770.0,617
1849,2018-01-11,1931,113,4,-79.0,770.0,617
1850,2018-01-12,1932,113,4,-79.0,768.0,617
1852,2018-01-13,1933,114,4,-78.0,767.0,617
1851,2018-01-14,1934,114,4,-79.0,766.0,617
1853,2018-01-15,1935,115,4,-80.0,765.0,617
1855,2018-01-16,1936,115,4,-79.0,764.0,617
1854,2018-01-17,1937,116,4,-80.0,763.0,617
1859,2018-01-18,1938,116,4,-78.0,762.0,617
1857,2018-01-19,1939,116,4,-78.0,760.0,617
1858,2018-01-20,1940,117,4,-77.0,759.0,617
1856,2018-01-21,1941,117,4,-77.0,758.0,617
1860,2018-01-22,1942,118,4,-78.0,757.0,617
1863,2018-01-23,1943,118,4,-78.0,756.0,617
1861,2018-01-24,1944,119,4,-80.0,755.0,617
1862,2018-01-25,1945,119,4,-78.0,754.0,617
1864,2018-01-26,1946,120,5,-79.0,753.0,617
1865,2018-01-27,1947,120,5,-78.0,751.0,617
1866,2018-01-28,1948,121,5,-78.0,752.0,617
1867,2018-01-29,1949,121,5,-78.0,751.0,617
1868,2018-01-30,1950,122,5,-79.0,750.0,617
1869,2018-01-31,1951,122,5,-77.0,749.0,617
1871,2018-02-01,1952,123,5,-80.0,748.0,617
1870,2018-02-02,1953,123,5,-78.0,747.0,617
1872,2018-02-03,1954,124,5,-77.0,745.0,617
1873,2018-02-04,1955,124,5,-77.0,745.0,617
1879,2018-02-05,1956,125,5,-79.0,744.0,617
1875,2018-02-06,1957,125,5,-77.0,742.0,617
1874,2018-02-07,1958,126,5,-77.0,741.0,617
1878,2018-02-08,1959,126,5,-78.0,740.0,617
1876,2018-02-09,1960,127,5,-78.0,740.0,617
1877,2018-02-11,1961,127,5,-77.0,740.0,617
1880,2018-02-12,1962,128,5,-78.0,738.0,617
1881,2018-02-13,1963,128,5,-77.0,737.0,617
1882,2018-02-14,1964,129,5,-76.0,736.0,617
1883,2018-02-15,1965,129,5,-76.0,735.0,617
1884,2018-02-16,1966,130,5,-77.0,735.0,617
1885,2018-02-17,1967,130,5,-76.0,734.0,617
1886,2018-02-18,1968,131,5,-76.0,732.0,617
1887,2018-02-19,1969,131,5,-76.0,732.0,617
1888,2018-02-20,1970,132,5,-77.0,731.0,617
1890,2018-02-21,1971,132,5,-78.0,731.0,617
1891,2018-02-22,1972,133,5,-78.0,730.0,617
1889,2018-02-23,1973,133,5,-78.0,730.0,617
1892,2018-02-24,1974,134,5,-77.0,729.0,617
1894,2018-02-25,1975,134,5,-76.0,729.0,617
1893,2018-02-26,1976,135,5,-77.0,728.0,617
1895,2018-02-27,1977,135,5,-77.0,727.0,617
